X,Y,osm_id,osm_type,completeness,#meta +operator,#meta +health_amenity_type,#meta+dispensing,#meta +speciality,#meta+is_in_health_zone,#capacity +staff,#loc+amenity,changeset_id,#access +hours,changeset_timestamp,#meta+emergency,#contact +url,#meta +operator_type,#meta +id,#meta+water_source,changeset_version,addr_street,#meta+electricity,#contact +phone,#meta+insurance,#status+operational_status,#meta+is_in_health_area,addr_postcode,addr_city,#meta+wheelchair,#capacity +beds,changeset_user,#geo+bounds+url,addr_housenumber,Name_Ar,Name_EN,#meta+healthcare
35.95950585,31.98593499,6489030613,node,15,,,,,,,pharmacy,70488943,,5/21/2019 18:18,,,,f2bbbe1636814001872c63262f17b196,,1,ýýýýýýýý ýýýýýýýýýý,,,,,,,,,,CoolGuyJake,,64,,Abeer Al-Ward Pharmacy,PH
35.84426642,32.54174326,7102024986,node,9,,,,,,,pharmacy,79123638,,1/2/2020 17:23,,,,b0355c3d993340b69ea352b6677a986c,,1,,,,,,,,,,,SaiF AL-Hariri,,,,Abu Bakr Pharmacy,PH
35.73509657,30.19721648,4617737798,node,9,,,,,,,pharmacy,52540109,,10/1/2017 15:50,,,,11c15a80e18d43dab9c6b05858df40b9,,2,,,,,,,,,,,Yousef Elmughrabi,,,,Abu Pharmacy,PH
35.85094336,32.54139407,7284410805,node,12,ýýýýýýýý ýýýýýýýýýýýýýý,,,,,,pharmacy,82048186,,3/11/2020 9:08,,,,0347256a3eb8415dbe3f120059a18dbb,,1,,,,,,,,,,,Baraa'h ALkhalde,,,,Adnan Pharmacy,PH
35.72915908,32.38154707,7393003785,node,18,,,,,,,clinic,83406960,,4/11/2020 17:40,,,,e6a3db5bb94a4fbfa4a340f5cc55f187,,1,,,,public,,,,ajloun,,,noorbaninaser,,,pharmacy,al ayoun pharmacy,PH
35.84121532,31.99202712,6453014829,node,12,,,,,,,pharmacy,69949986,,5/6/2019 20:00,,,,0266bddcff7242dea453ec0420c5e8af,,1,Azmi Al-Mufti Street,,,,,,,,,,birdeatscake,,,,Al Sawamer Pharmacy,PH
35.8548878,32.54206253,7282161835,node,9,,,,,,,pharmacy,82006036,,3/10/2020 11:39,,,,c2dab9a7cc204f3ba6901d40988d5a4c,,1,,,,,,,,,,,siham al soudi,,,,Alkubra Pharmacy,PH
35.83799005,32.06428265,6455523698,node,9,,,,,,,pharmacy,69983668,,5/7/2019 15:11,,,,f32a453d189144d08eb69ca9626e23b3,,1,,,,,,,,,,,chancethewrapper,,,,Almoriat Pharmacy,PH
35.85215044,32.53642276,7282139380,node,15,,,yes,,,,pharmacy,85550002,,5/21/2020 11:00,,,,9e5b292f25bf487ba8eaf9c4d55a4dd6,,5,,,,,,,,,,,farah_alzoubi,,,pharmacy,Alrazi Pharmacy,PH
35.8543382,32.53214414,7287951198,node,9,,,,,,,pharmacy,82105208,,3/12/2020 9:52,,,,a6fa2c029e3949bd9adf51279489f75d,,1,,,,,,,,,,,rawan bani nasr,,,,Alrazi Pharmacy,PH
35.85592179,32.53283246,7281962324,node,15,,,yes,,,,pharmacy,82102361,,3/12/2020 8:55,,,,a3fdf6404685482c809ee8fd511e2027,,2,,,,,,,,,,,walaa mousa,,,pharmacy,Alsawaei Pharmacy,PH
35.93210415,31.90729647,6412459356,node,12,,,,,,,pharmacy,84716702,,5/5/2020 20:24,,,,497a70f9022d40f78b16b45478201034,,2,Al Sakhrah Al Musharrafah Street,,,,,,,,,,S-M-R,,,,Al-Weqaya Pharmacy,PH
35.00343035,29.52615888,5871808586,node,9,,,,,,,pharmacy,62180781,,8/31/2018 18:17,,,,bc3d1531041240f2b234947f0a751533,,1,,,,,,,,,,,AymericBo,,,,Aqaba pharmacy,PH
35.86173003,32.53519674,7282061851,node,9,,,,,,,pharmacy,82004174,,3/10/2020 10:43,,,,9bb0c55fc1e446cca4d3a40165b44e8a,,1,,,,,,,,,,,Ola Mansour,,,,Arabila Pharmacy,PH
35.87213893,32.02633676,6497751858,node,12,,,,,,,pharmacy,70586174,,5/24/2019 13:09,,,,25acb35257f744ddb3dc378ac504325b,,1,Ibrahim Al Yousef Al Lawzi street,,,,,,,,,,Kaarti_B,,,,Bab Al Hadid Pharmacy,PH
35.90312113,31.97099056,5186522944,node,12,,,,,,,pharmacy,53213787,,10/24/2017 17:02,,,,818ed138b89c499d95e1d58359a12f3d,,1,,,,,,,,,,,Sheikh Zubeir,,,pharmacy,Carnation pharmacy,ph
35.88511202,32.0050065,6465071960,node,15,,,,,,,pharmacy,76867550,,11/10/2019 12:59,,,,f365dd4fce5e443ead26a43496d53c4e,,2,ýýýýýýýý ýýýýýýýý ýýýýýýýýýýýýýý,,,,,,,,,,SerV,,,pharmacy,Curve Pharmacy,ph
35.01076108,29.52475315,4617640790,node,18,,,,,,,pharmacy,66598316,Mo-Su 09:00-23:00,1/24/2019 11:26,,,,e087b00736944becbf11f1675f180e15,,2,almanarah street,,,,,,,,,,t_pienn,,9.63E+11,,Dawakon Pharmacy,PH
35.84052264,31.95397672,3681492783,node,15,,,,,,,pharmacy,70375515,,5/17/2019 22:34,,,,918486a2ee6641f1934de3cdf67e387f,,2,Jamal Qaitouqah Street,,,,,,,,,,richardninde,,58,,Doaa Pharmacy,PH
35.85928042,31.99439417,6452135268,node,12,,,,,,,pharmacy,76867550,,11/10/2019 12:59,,,,c95404720aa342b28b714a42d44bdaa9,,3,,,,,,,,,,,SerV,,,pharmacy,Drug Center,ph
35.72919127,32.38143827,7392450085,node,18,,,,,,,clinic,83400812,,4/11/2020 14:34,,,,5292ad943cbf4b3db54c04641b0ca5c5,,1,,,,public,,,,ajloun,,,noorbaninaser,,,doctor;pharmacy,eye pharmacy,PH
35.7319915,32.38290603,7392510986,node,18,,,,,,,clinic,83401578,,4/11/2020 14:57,,,,851137b52d1a4c819d90d92e2736e3ba,,1,,,,public,,,,ajouln,,,noorbaninaser,,,pharmacy,eye pharmacy baoun,PH
35.83733676,31.98039589,3882001173,node,12,,,,,,,pharmacy,35809354,,12/7/2015 16:01,,,,8810d10552524b87b25642ecc43b3a65,,1,,,,,,,,amman,,,Bogdan Basic,,,,Farmacity,PH
35.84871989,32.01743384,6412802507,node,12,,,,,,,pharmacy,69325183,,4/17/2019 22:09,,,,23b0da545b3849c19bf2f273c2e8efa3,,1,Rifa'Ah Al Ansari Street,,,,,,,,,,peacewaya,,,,Freesia Pharmacy,PH
35.84936563,31.90294333,6443190445,node,15,,,,,,,pharmacy,69859726,,5/3/2019 20:19,,,,0794ecd2c6b74ee8ba060952b8b17e5c,,3,Prince Nayef Bin Asem Street,,,,,,,,,,richardninde,,20,,Hashem Pharmacy,PH
35.87343108,32.04878493,5099434655,node,9,,,,,,,pharmacy,69502333,,4/23/2019 19:38,,,,40028537730c4d25a38d1483b9584b3e,,2,,,,,,,,,,,chancethewrapper,,,,Hayat Amman Pharmacy,PH
35.84837146,32.02029509,6424153497,node,12,,,,,,,pharmacy,69502350,,4/23/2019 19:35,,,,a95b4ecfe95b4dccba83d664bae2256c,,1,Awni Bilal Street,,,,,,,,,,peacewaya,,,,Hiam Pharmacy,PH
35.84318608,31.9714959,6789065985,node,12,,,,,,,pharmacy,74367034,,9/11/2019 17:55,,,,22d4fdf7c7b04357bc1789590a8e735a,,1,Iyad Abu Hilal Street,,,,,,,,,,Tariq Abdel-Hadi,,,,Hoeny Pharmacy,ph
35.86212532,31.94597552,4413152890,node,15,,,,,,,pharmacy,42347319,,9/22/2016 13:06,,,,b8f30995b70c44acbee9c95363c285fd,,1,ýýýýýýýý ýýýýýýýýýýýý ýýýýýý ýýýýýýýýýý,,,,,,,,,,Motaz Hamarsheh,,104,,Imtithal Pharmacy,PH
35.87080269,31.97880718,6455931482,node,12,,,,,,,pharmacy,69990760,,5/7/2019 17:21,,,,3e8ed4837d944a17b5844bfe3c56a557,,2,ýýýýýýýý ýýýýýý ýýýý ýýýýýý ýýýýýýýýýýýý,,,,,,,,,,richardninde,,,,Jounia of Jordan Pharmacy,ph
35.87613877,32.00422975,6470377116,node,15,,,,,,,hospital,76867550,,11/10/2019 12:59,,,,8c10d1d8d3544776a1e1026127e70d8e,,2,ýýýýýýýý ýýýýýýýý ýýýýýýýýýýýý,,,,,,,,,,SerV,,,hospital,King Hussein Cancer Center,ph
35.8591443,31.97626344,6436747954,node,12,,,,,,,pharmacy,70532497,,5/22/2019 22:35,,,,6051c0aa877447a887a9087eaa6cf5ea,,2,ýýýýýýýý ýýýýýý,,,,,,,,,,richardninde,,,,Leen Pharma,ph
35.90497646,31.96071979,5760149770,node,9,,,,,,,pharmacy,70037062,,5/8/2019 16:35,,,,f31e7754015b4364901fc4d50f4a5e23,,3,,,,,,,,,,,spuddy93,,,,life line,ph
35.81709665,31.94969172,6478675890,node,9,,,,,,,pharmacy,70328249,,5/16/2019 17:10,,,,d68de46abebb40af98a2e340d4a45036,,1,,,,,,,,,,,AnonJason,,,,Liza Pharmacy,PH
35.844668,31.90133342,6441321174,node,12,,,,,,,pharmacy,70252203,,5/14/2019 20:40,,,,0eb03a04a6da4055af1df0c0643fff56,,2,Prince Assem Bin Nayef Street,,,,,,,,,,TheMineralCartographer,,,,Mawal Pharmacy,PH
35.85353303,32.52389299,7327174585,node,15,,,,,,,clinic,82594799,24/7,3/25/2020 2:45,,,,2dd4255d7cd2478790a052c965f1ed6a,,1,,,,,,,,,,,rnjawarneh,,,pharmacy,Mecca Pharmacy,PH
35.83976265,31.99640558,6452989089,node,12,,,,,,,pharmacy,69949444,,5/6/2019 19:41,,,,7341b01c08e0428a9c0335f0e0e70aa3,,1,ýýýýýýýý ýýýýýýýý ýýýýýýýý,,,,,,,,,,birdeatscake,,,,Medicine One,PH
35.81786376,31.99110134,6456487447,node,12,,,,,,,pharmacy,72715107,,7/27/2019 12:08,,,,b7b97c79b49f44d1a992ccd664a886ff,,2,Khnaifes Al-Dweikat Street,,,,,,,,,,ýýýýýýýýýý ýý ýýýýýýýý ýýýýýýýý ýýýýýýýýýýýý,,,,Medicine One Pharmacy,PH
35.85494463,31.98886563,6445785985,node,12,,,,,,,pharmacy,69849033,,5/3/2019 15:35,,,,8ea05e9e8c134c0aa399350f74546c72,,1,Princess Rahmah Bint Al-Hassan Street,,,,,,,,,,birdeatscake,,,,Melia Pharmacy,PH
35.83964866,31.94688663,6479295679,node,15,,,,,,,pharmacy,70337478,,5/16/2019 22:41,,,,a0f60fe6472b4447a8c9e59810690d76,,1,Jamal Qaitouqah Street,,,,,,,,,,richardninde,,5,,Mhanna Pharmacy,PH
35.47877957,30.32157719,7083943519,node,9,,,,,,,pharmacy,78849385,,12/25/2019 14:56,,,,726518205623495b9e98d5aa1607e021,,1,,,,,,,,,,,wilco83,,,,Modern Petra Pharmacy,PH
35.85357804,31.90440128,6473605132,node,12,,,,,,,pharmacy,70248559,,5/14/2019 18:24,,,,c07ee6e700664f38bab6874a26aba107,,1,Gourge Mabda Khoury Street,,,,,,,,,,TheMineralCartographer,,,,N Kawar,PH
35.47638435,30.32445167,7083890121,node,9,,,,,,,pharmacy,78847874,,12/25/2019 13:49,,,,61df226680d3440990de069c254f09b8,,1,,,,,,,,,,,wilco83,,,,Nabatean Pharmacy,PH
35.91064715,31.97273374,3681496664,node,12,,,,,,,pharmacy,76867550,,11/10/2019 12:59,,,,b808423a11dd4471b0542415a74782e1,,2,,,,,,,,,,,SerV,,,pharmacy,Orange Pharmacy,PH
35.85341912,31.96225946,6489373748,node,15,,,,,,,pharmacy,70561640,,5/23/2019 18:10,,,,a8e2798779fe4e3982a161b88f869fd5,,2,Ibrahim Al-Qattan Street,,,,,,,,,,TheMineralCartographer,,21,,Pansee Pharmacy,PH
35.94407703,32.0001771,6476300005,node,12,,,,,,,pharmacy,70518559,,5/22/2019 14:53,,,,46cbfb14527c4d07bd90a9c8b3b0ae5a,,2,ýýýýýýýý ýýýýýýýý,,,,,,,,,,birdeatscake,,,,Pharma,PH
35.90470296,31.97654784,6459931879,node,15,,,,,,,pharmacy,76867550,,11/10/2019 12:59,,,,1a00c872100c47c1bde0acfbecdd021f,,2,Queen Alia,,,,,,,,,,SerV,,,pharmacy,Pharma Beaute' Pharmacy,ph
35.78740593,32.60474768,7426323385,node,18,,,,,,,clinic,83830693,Mo-Fr 12:00-23:30,4/20/2020 15:42,,,,998d73406b0a4a9d835d44de4eda2f03,,1,,,,,,,,Hawar,,,Qusay ALhawary,,,pharmacy,Pharmacy,ph
35.78742203,32.60474315,7426290885,node,18,,,,,,,clinic,83830472,,4/20/2020 15:38,,,,e3ce642827ce48b8bf71da11d194d4f6,,1,,,,public,,,,Irbid Hawar,,,Qusay ALhawary,,,pharmacy,pharmacy,ph
35.78925448,32.51916509,4461931389,node,9,,,,,,,pharmacy,58814943,,5/9/2018 10:14,,,,e6e46b2819e24d64b705635b88eca1ba,,3,,,,,,,,,,,Ola Mansour,,,,pharmacy,ph
35.86628803,31.94314453,2466404661,node,12,,,,,,,pharmacy,29212402,,3/3/2015 1:02,,,,8ddde7f10bf548caabd0c111c45c58d9,,4,Al Hashimiyyeen,,,,,,,,,,Jamal H,,,ýýýýýýýýýýýý ýýýýýýýýýý,Pharmacy,PH
35.86981027,32.0333002,5202975222,node,9,,,,,,,pharmacy,53406965,,10/31/2017 20:10,,,,b408d55c50a141fe81733e7f1e8163c0,,1,,,,,,,,,,,Obaid al ali,,,ýýýýýýýýýý ýýýýýýýýýý,Pharmacy,PH
35.86986199,31.96546546,4406061291,node,12,,,,,,,pharmacy,43168687,,10/25/2016 17:59,,,,52a7f7d63bde49cd898ecfb1cfc9221f,,2,Al Dammam Street,,,,,,,,,,Saad Bataineh,,,ýýýýýýýýýýýý ýýýýýýýýýýýýýý,Pharmacy,PH
35.87091073,31.95670712,2872654986,node,9,,,,,,,pharmacy,22515190,,5/24/2014 0:51,,,,0b36747644a74cfd9ad5ecdd04e21325,,2,,,,,,,,,,,Jamal H,,,,Pharmacy,ph
35.87112656,31.96335129,7139461615,node,9,,,,,,,pharmacy,84540818,,5/2/2020 23:31,,,,f6260861dff74cf9bb920ff10c3dc888,,2,,,,,,,,,,,S-M-R,,,,Pharmacy,ph
35.87223884,31.99263179,6460116274,node,12,,,,,,,pharmacy,76867550,,11/10/2019 12:59,,,,d3eb3c76387b4dc2b36b9ec1b7abe260,,2,Mustafa Majed Al Adwn Street,,,,,,,,,,SerV,,,pharmacy,Pharmacy,ph
35.88337202,32.00276945,6462579570,node,12,,,,,,,pharmacy,76867550,,11/10/2019 12:59,,,,04d68404ea6840e294edd72d3e7e40ba,,2,ýýýýýýýý ýýýýýýýýýýýý ýýýýýýýýýýýýýý,,,,,,,,,,SerV,,,pharmacy,Pharmacy,ph
35.88549734,32.00336255,4970460422,node,12,,,,,,,pharmacy,76867550,,11/10/2019 12:59,,,,5a8c0e096f404dada16236900bce0af1,,2,,,,,,,,,,,SerV,,,ýýýýýýýýýýýý,pharmacy,ph
35.88709065,31.89752703,6644063389,node,15,,,yes,,,,pharmacy,72607736,,7/24/2019 15:06,,,,935a8200b1824170b94ded123c22bfef,,1,,,,,,,,,,,hazan59,,,ýýýýýýýýýýýý ýýýýýý ýýýýýýýý,pharmacy,ph
35.88775056,31.90496119,7549977158,node,9,,,,,,,pharmacy,85632348,,5/22/2020 21:49,,,,4f2a2d44acde468cb89b1f0e3eaa5268,,1,,,,,,,,,,,S-M-R,,,ýýýýýýýýýýýý ýýýýýýýýýý,pharmacy,ph
35.88896669,31.98414419,4010295712,node,15,,,,,,,pharmacy,76867550,,11/10/2019 12:59,,,,f7019087bc214eaeae270d7b2ccbefbc,,3,ýýýýýýýý ýýýýýýýýýýýý ýýýýýýýý ýýýýýýýý,,,,,,,Amman,,,SerV,,,pharmacy,pharmacy,ph
35.89001283,31.98258264,7138759889,node,9,,,,,,,clinic,79690484,,1/17/2020 10:04,,,,4b5104c67db644d6a76cccf3507c97dc,,1,,,,,,,,,,,Ali 197312,,,ýýýýýýýý ýýýýýý ýýýýýýýýýýýýýýýý,pharmacy,ph
35.89038667,31.97966373,6465293492,node,12,,,,,,,pharmacy,76867550,,11/10/2019 12:59,,,,951628a11a1a4806bf6adada3e6a1476,,2,ýýýýýýýý ýýýýýýýýýýýý ýýýýýýýý ýýýý ýýýýýýýý,,,,,,,,,,SerV,,,pharmacy,pharmacy,ph
35.89139954,31.91746674,2847166354,node,9,,,,,,,dentist,39061927,,5/3/2016 9:15,,,,0d60cbb8dade408e9ea0b2eca2cbb0a7,,3,,,,,,,,,,,Jamal H,,,ýýýýýýýýýý ýýýý ýýýýýýýýýý ýý. ýýýýýýýý,pharmacy,ph
35.89177178,31.96596535,1076029135,node,9,,,,,,,pharmacy,56147022,,2/7/2018 12:15,,,,9d1dbedff0414c6885f56b67874b48ac,,5,,,,,,,,,,,marc__marc,,,ýýýýýýýýýýýý ýýýýýýýý,pharmacy,ph
35.89306376,32.05874414,7012856785,node,9,,,,,,,pharmacy,77602453,,11/27/2019 2:21,,,,4f7f60054ef940769cf9a41c90793438,,1,,,,,,,,,,,ýýýýýýýýýý ýýýýýýýýýý,,,ýýýýýýýýýýýý,pharmacy,ph
35.89307609,32.05875612,7017556585,node,9,,,,,,,pharmacy,77739630,,11/29/2019 17:42,,,,eb49cdf7319d4f199a29b2507a4aeda0,,2,,,,,,,,,,,ýýýýýýýýýý ýýýýýýýýýý,,,ýýýýýýýýýýýý ýýýýýýýýýý,pharmacy,ph
35.8930869,32.05877532,7017907585,node,9,,,,,,,pharmacy,77696345,,11/28/2019 19:04,,,,e2c574ef70c74c238a79c702a7ee4cf5,,1,,,,,,,,,,,ýýýýýýýýýý ýýýýýýýýýý,,,ýýýýýýýýýýýý ýýýýýýýýýý,pharmacy,ph
35.89309117,32.05879275,7072527985,node,9,,,,,,,pharmacy,78692788,,12/20/2019 17:04,,,,60100d29bbff4d0abdf024b920f460a3,,1,,,,,,,,,,,ýýýýýýýýýý ýýýýýýýýýý,,,ýýýýýýýýýýýý ýýýýýýýýýý,pharmacy,ph
35.8959603,31.88334887,6643944955,node,15,,,yes,,,,pharmacy,72607235,,7/24/2019 14:54,,,,9291342b7bac4fd3aee1421c5c006d66,,2,,,,,,,,,,,hazan59,,,ýýýýýýýýýýýý ýýýýýýýý ýýýýýýýýýý,pharmacy,ph
35.89821335,31.98326979,5909877081,node,9,,,,,,,pharmacy,76867550,,11/10/2019 12:59,,,,fed3f91bebd44899a1ddbcc156c8ba31,,2,,,,,,,,,,,SerV,,,pharmacy,pharmacy,ph
35.90472827,31.91758467,7477177096,node,15,,,yes,,,,pharmacy,84582696,,5/3/2020 22:04,,,,8fb6b0a667454f9db75a93b5d0cc422f,,1,,,,,,,,,,,S-M-R,,,ýýýýýýýýýýýý ýýýýýýýýýýýý,pharmacy,ph
35.90520545,31.97531696,4412318790,node,21,,,,,,,pharmacy,76867550,Su-Th 10:00-22:00,11/10/2019 12:59,,,,f64887693110430cb43b418ce479b419,,3,Jaber Bin Hayyan Street,,,,,,,,,,SerV,,17,ýýýýýýýýýýýý ýýýýýýýýýý ýýýýýýýýýýýý,pharmacy,ph
35.90546915,31.95172123,6572051785,node,12,,,,,,,hospital,76867550,,11/10/2019 12:59,,,,619667d4c5904c0fb00d9c2ef36e58e8,,2,,,,,,,,,,,SerV,,,ýýýýýýýýýýýý ýýýýýýýýýýýýýýýý,pharmacy,ph
35.90565883,32.56780595,5606643597,node,28,ýýýýýý,,yes,,,,pharmacy,58812656,24/7,5/9/2018 9:06,,,,6960c169576d463b934101b05b41ee15,,2,ýýýýýýýýýýýý ýýýýýýýýýýýýýý,,,,,,,,,,hamzahababneh,,ýýýýýý,ýýýýýýýýýýýý ýýýýýýýý,pharmacy,ph
35.90593786,31.97196386,5929260287,node,9,,,,,,,pharmacy,76867550,,11/10/2019 12:59,,,,be0c71e49f3e46cbbc6147b0a485ea0e,,2,,,,,,,,,,,SerV,,,pharmacy,pharmacy,ph
35.9112758,31.95395233,2466449354,node,15,,,,,,,pharmacy,79650347,,1/16/2020 12:32,,,,73b7b6df3b4d45758523ff3b2492d3e4,,4,,,,,,,,,,,Alan Orth,,2,ýýýýýýýýýýýý ýýýýýýýýýý,pharmacy,ph
35.9143248,31.96975498,4731173921,node,9,,,,,,,pharmacy,46795658,,3/12/2017 21:10,,,,9ace326eab054f878b9c1477d26fb4ef,,1,,,,,,,,,,,Ghayyath jazi,,,ýýýýýýýýýýýý ýýýýýýýý ýýýý ýýýýýýýýýýýý,pharmacy,ph
35.91576196,31.91999497,7549955943,node,9,,,,,,,pharmacy,85631836,,5/22/2020 21:24,,,,8e1e77b5449b48899106855416d33643,,1,,,,,,,,,,,S-M-R,,,ýýýýýýýýýýýý ýýýýýýýýýýýý,pharmacy,ph
35.9183176,31.92124589,7555774706,node,9,,,,,,,pharmacy,85711285,,5/25/2020 9:32,,,,3572b86238304ae485175a6051114f48,,1,,,,,,,,,,,S-M-R,,,ýýýýýýýýýýýý ýýýýýýýýýýýý,pharmacy,ph
35.92159962,31.91646519,7549984614,node,9,,,,,,,pharmacy,85632348,,5/22/2020 21:49,,,,f684bc767ed4437394685fc7b2a4bf81,,1,,,,,,,,,,,S-M-R,,,ýýýýýýýýýý ýýýýýýýýýý,pharmacy,ph
35.922758,31.91874154,6771272412,node,9,,,,,,,pharmacy,84570639,,5/3/2020 16:06,,,,8a8cdc50420e48299f60c3b49bd800c2,,2,,,,,,,,,,,S-M-R,,,ýýýýýýýýýýýý ýýýýýýýýýýýýýý,pharmacy,ph
35.92364438,31.92418383,7559983494,node,9,,,,,,,pharmacy,85776931,,5/26/2020 14:55,,,,7c3db8a0da774549bb82376f6ef846aa,,1,,,,,,,,,,,S-M-R,,,ýýýýýýýýýýýý ýýýýýýýýýýýýýýýýýý,pharmacy,ph
35.92403942,31.92123968,7474565242,node,9,,,,,,,pharmacy,84570639,,5/3/2020 16:06,,,,497ac0a08f0e400b8e5eb26d462d4006,,2,,,,,,,,,,,S-M-R,,,ýýýýýýýýýýýý ýýýýýýýýýý,pharmacy,ph
35.92405694,31.92116928,6770997856,node,12,,,,,,,pharmacy,84538248,Mo-Su 08:00-02:00,5/2/2020 21:41,,,,0c725a4f6200471fb641d84399d293d4,,2,,,,,,,,,,,S-M-R,,,ýýýýýýýýýýýý ýýýýýýýýýýýý,pharmacy,ph
35.92478013,31.91948988,7480697134,node,9,,,,,,,pharmacy,84631808,,5/4/2020 15:08,,,,60bc04904e7240d48d2a6ca9bedb46c3,,1,,,,,,,,,,,S-M-R,,,ýýýýýýýýýýýý ýýýýýý,pharmacy,ph
35.92826457,31.92205994,7477328580,node,9,,,,,,,pharmacy,84585332,,5/4/2020 0:16,,,,7560a5adbdec485686ef976a3b81542d,,1,,,,,,,,,,,S-M-R,,,ýýýýýýýýýýýý ýýýýýýýýýýýýýýýý,pharmacy,ph
35.92897645,31.90914644,6412459378,node,12,,,,,,,hospital,85319954,,5/16/2020 23:52,,,,1678a1a77de14316bbf0ee9c4c94e119,,3,Al Sakhrah Al Musharrafah Street,,,,,,,,,,S-M-R,,,ýýýýýýýýýýýý ýýýýýýýýýýýý,pharmacy,ph
35.92962982,31.92015146,7549947039,node,9,,,,,,,pharmacy,85631836,,5/22/2020 21:24,,,,d985b6921d9a49c6a8be59ce5de4f98e,,1,,,,,,,,,,,S-M-R,,,ýýýýýýýýýýýý ýýýýýýýýýýýýýýýý ýýýýýýýýýýýýýýýýýý,pharmacy,ph
35.9311798,31.91681337,7485554616,node,9,,,,,,,pharmacy,84697020,,5/5/2020 12:53,,,,7b894b70eeb24a87915013504580f598,,1,,,,,,,,,,,S-M-R,,,ýýýýýýýýýýýý ýýýýýýýýýý,pharmacy,ph
35.93383024,31.92064859,7477306897,node,9,,,,,,,pharmacy,84585371,,5/4/2020 0:19,,,,3b5289a5887149a2ae8cba1014548ee1,,1,,,,,,,,,,,S-M-R,,,ýýýýýýýýýýýý ýýýýýýýýýý,pharmacy,ph
35.93481042,31.93127383,7476361513,node,15,,,yes,,,,pharmacy,84570180,,5/3/2020 15:56,,,,c7e9ffafa4c7407d979cc4c181ed2866,,1,,,,,,,,,,,S-M-R,,,ýýýýýýýýýýýý ýýýýýýýýýý,pharmacy,ph
35.93636786,31.92972418,7476943780,node,9,,,,,,,pharmacy,84578617,,5/3/2020 19:37,,,,cf8806d31919485d91b4228cdcab1d6d,,1,,,,,,,,,,,S-M-R,,,ýýýýýýýýýýýý ýýýýýýýýýýýý,pharmacy,ph
35.93725559,31.90607808,7554180555,node,15,,,yes,,,,pharmacy,85687055,,5/24/2020 15:56,,,,ebc566d6fadc4aa19cc3d7fc160ef864,,1,,,,,,,,,,,S-M-R,,,ýýýýýýýýýýýý ýýýýýýýýýýýý,pharmacy,ph
35.93872678,31.91380309,6573216874,node,12,,,,,,,pharmacy,84582696,,5/3/2020 22:04,,,,11efd96fb20f47bfa3b461a0ee2a2850,,2,Prince El Hassan Street,,,,,,,,,,S-M-R,,,ýýýýýýýýýýýý ýýýýýýýýýýýý,pharmacy,ph
35.94412473,31.99116722,6489427962,node,12,,,,,,,pharmacy,85696497,,5/24/2020 22:33,,,,9c3c441dae354feeaa8155b76a097ea6,,2,ýýýýýýýý ýýýýýýýý,,,,,,,,,,S-M-R,,,ýýýýýýýýýýýý ýýýýýýýýýýýý,pharmacy,ph
35.99048755,31.97590688,4652636107,node,12,,,,,,,pharmacy,45716880,,2/1/2017 13:37,,,,21cabf3ce8d0418587f1194966ca3ac4,,1,ýýýýýýýýýý ýýýýýýýýýýýýýý,,,,,,,,,,ýýýýýýýý ýýýýýýýýýýýý,,,ýýýýýýýýýýýý ýýýýýýýýýýýýýý,Pharmacy,ph
36.01919615,31.98719948,3261369425,node,9,,,,,,,pharmacy,27818893,,12/31/2014 10:02,,,,2c0492831d294ca38e676b5242350d30,,1,,,,,,,,,,,Zaher Hennawy,,,ýýýýýýýýýýýýýý ýýýýýýýýýýýýýý,Pharmacy,ph
36.02027859,31.98873018,3261369424,node,9,,,,,,,pharmacy,27818893,,12/31/2014 10:02,,,,c587c48234c842ee9e07c421490b0f95,,1,,,,,,,,,,,Zaher Hennawy,,,ýýýýýýýýýýýý ýýýýýýýýýýýýýýýý,Pharmacy,ph
36.06331438,32.07193164,4306967700,node,15,,,,,,,pharmacy,40791842,,7/17/2016 6:08,,,,4e91c369ad6b472f8f82b99dfa8c3131,,1,ýýýýýýýý ýýýýýýýý,,,,,,,ýýýýýýýýýýýýýý,,,Big_Borz,,,ýýýýýýýýýýýý ýýýýýýýý,Pharmacy,ph
36.07380744,32.07347726,4277536493,node,15,,,,,,,pharmacy,51427246,,8/25/2017 8:26,,,,18c5a8df4a96448e8d3387cadab25516,,3,ýýýýýýýýýýýý ýýýýýý ýýýýýýýýýýýý ýýýýýý,,,,,,,ýýýýýýýýýýýýýý,,,Lio Gonsalves,,,ýýýýýýýýýýýý ýýýýýýýýýý,Pharmacy,ph
36.07623819,32.06698547,4346591800,node,15,,,,,,,pharmacy,41399039,,8/11/2016 22:04,,,,676e6f0b9d20438f93e2db1e2f927cf5,,1,ýýýýýýýýýýýý ýýýýýý ýýýýýýýýýýýý ýýýýýý,,,,,,,ýýýýýýýýýýýýýý,,,Big_Borz,,,ýýýýýýýýýýýý ýýýýýýýýýýýýýý,Pharmacy,ph
36.07729339,32.04452005,7112003358,node,15,,,yes,,,,pharmacy,79246805,,1/6/2020 11:43,,,,028a9f53a9ab4d3a93a32db613a0eed4,,1,,,,,,,,,,,rabigheith,,,ýýýýýýýýýýýý ýýýýýý ýýýýýýýý,Pharmacy,ph
36.08527966,32.05605673,4220680932,node,15,,,,,,,pharmacy,40467856,,7/3/2016 22:59,,,,d7fd0eb2aeff4ad88b03c755a363996c,,2,ýýýýýýýýýý,,,,,,,ýýýýýýýýýýýýýý,,,Big_Borz,,,ýýýýýýýýýý,Pharmacy,ph
36.08837426,32.04356375,4279091913,node,15,,,,,,,pharmacy,40448809,,7/2/2016 22:14,,,,2b7c2baa551c4f4ebc90ebff6beef7af,,1,ýýýýýýýýýýýý ýýýýýýýýýýýýýý ýýýýýýýýýýýý,,,,,,,ýýýýýýýýýýýýýý,,,Big_Borz,,,ýýýýýýýýýý,Pharmacy,ph
36.08897566,32.06341948,4345909245,node,15,,,,,,,pharmacy,51675069,,9/2/2017 17:15,,,,d17c8053234140b39b58c512e63aaf88,,2,ýýýýýýýýýý ýýýýýýýý ( ýýýýýýýý ýýýýýýýýýýýýýý ),,,,,,,ýýýýýýýýýýýýýý,,,Johny Sabella,,,ýýýýýýýýýýýý ýýýýýýýýýýýý,Pharmacy,ph
36.08939945,32.06335578,4345909243,node,15,,,,,,,pharmacy,41388960,,8/11/2016 13:18,,,,c770dcc5cfe04224a2551dabbda1d00b,,1,ýýýýýýýýýý ýýýýýýýý ( ýýýýýýýý ýýýýýýýýýýýýýý ),,,,,,,ýýýýýýýýýýýýýý,,,Big_Borz,,,ýýýýýýýýýýýý ýýýýýýýýýýýýýý,Pharmacy,ph
36.09010756,32.06339215,4345909236,node,15,,,,,,,pharmacy,51675119,,9/2/2017 17:17,,,,7a108de739b64a1a8cf9e1e4e9fd3058,,2,ýýýýýýýýýý ýýýýýýýý ( ýýýýýýýý ýýýýýýýýýýýýýý ),,,,,,,ýýýýýýýýýýýýýý,,,Johny Sabella,,,ýýýýýýýýýýýý ýýýýýýýýýýýý,Pharmacy,ph
36.09088808,32.06327615,4345909231,node,15,,,,,,,pharmacy,41388960,,8/11/2016 13:18,,,,6693b8e7a77442b08344ece2cb46c881,,1,ýýýýýýýýýý ýýýýýýýý ( ýýýýýýýý ýýýýýýýýýýýýýý ),,,,,,,ýýýýýýýýýýýýýý,,,Big_Borz,,,ýýýýýýýýýý,Pharmacy,ph
36.09140306,32.06322963,4345909214,node,15,,,,,,,pharmacy,51675168,,9/2/2017 17:19,,,,49d89db7dcd3411e98756b8f6012d7b1,,2,ýýýýýýýýýý ýýýýýýýý ( ýýýýýýýý ýýýýýýýýýýýýýý ),,,,,,,ýýýýýýýýýýýýýý,,,Johny Sabella,,,ýýýýýýýýýýýý ýýýýýýýýýýýýýý ýýýýýýýýýýýýýý,Pharmacy,ph
36.09438216,32.04101188,4319559031,node,9,,,,,,,pharmacy,41011856,,7/25/2016 13:15,,,,1af8e478c19b4cf8b9d7eabdd687c176,,1,,,,,,,,,,,Big_Borz,,,ýýýýýýýýýýýý ýýýýýýýýýýýýýý,Pharmacy,ph
36.09446388,32.05505886,3999533382,node,15,,,,,,,pharmacy,40467920,,7/3/2016 23:07,,,,5fbf1ee3387f4315bebe9d9de74f99a5,,2,Amman - Zarqa Highway,,,,,,,ýýýýýýýýýýýýýý,,,Big_Borz,,,ýýýýýýýýýýýý ýýýýýýýý,Pharmacy,ph
36.09610137,32.0673687,4319662257,node,15,,,,,,,pharmacy,41013361,,7/25/2016 14:17,,,,92986af34d394fd7b7c034401908c07f,,1,ýýýýýýýýýý,,,,,,,ýýýýýýýýýýýýýý,,,Big_Borz,,,ýýýýýýýýýý,Pharmacy,ph
36.10099179,32.08701546,4336352139,node,15,,,,,,,pharmacy,41250425,,8/5/2016 1:26,,,,fa5bb33e057f4b1da0f975cf755dd48d,,1,Mekkah 36th Street,,,,,,,Al Zarqa,,,Big_Borz,,,ýýýýýýýýýý,Pharmacy,ph
36.19476852,32.46173766,7055816289,node,18,,,yes,,,,pharmacy,78397206,,12/14/2019 1:21,,,,fd8f7dc7a82243eb842fb35829313ce5,,1,,,,,,,,ýýýýýýýý ýýýýýýýýýýýýýý,,,Assrhany,,,ýýýýýýýýýýýý ýýýýýýýý ýýýýýýýýýýýýýý,Pharmacy,ph
36.21126495,32.34265739,7205797587,node,9,,,,,,,doctors,80901986,,2/12/2020 11:31,,,,47e97b472bd54bb09d1d6ec78fa14b24,,1,,,,,,,,,,,jor badrani,,,ýýýýýýýýýý ýýýýýýýýýýýýýý ýýýýýýýýýýýýýý ýýýýýýýýýýýýýýýý,Pharmacy,ph
35.81276413,31.99483204,3776504391,node,9,,,,,,,pharmacy,34490591,,10/7/2015 13:03,,,,86c3a1b40e49402bad5e04aa3d17f63e,,1,,,,,,,,,,,Jamal H,,,,Pharmacy 1,ph
35.85831047,31.95833288,1654302858,node,12,,,,,,,pharmacy,70731986,,5/29/2019 12:36,,,,4ab35b76f1d349a69b21453bfe461a49,,2,,,,,,,,,,,PelleB,,,pharmacy,Pharmacy 1,ph
35.87209057,31.99724519,6498230628,node,18,,,,,,,pharmacy,76867550,,11/10/2019 12:59,,,,ec3770a4578643379c72bc7bf2ad55c5,,2,Al-Madina Al-Munawwara Street,,,,,,,,,,SerV,,258,pharmacy,Pharmacy 1,ph
35.88650685,31.97418523,4827162922,node,12,,,,,,,pharmacy,70124783,,5/10/2019 21:10,,,,b682c8ade56f4985bb1b70d08466373b,,3,,,,,,,,,no,,spuddy93,,,,Pharmacy 1,ph
35.88965618,31.96224228,5175028876,node,12,,,,,,,pharmacy,70252578,,5/14/2019 20:55,,,,ee5ede92d89b4bf982f3cbbb74a06cc4,,2,,,,,,,,,,,spuddy93,,,pharmacy,Pharmacy 1,ph
36.07368716,32.07853389,4003465706,node,15,,,,,,,pharmacy,40620245,,7/9/2016 21:56,,,,bb521c1e64f64df4b9aade8c480bbb04,,3,ýýýýýýýý ýýýýýýýýýý,,,,,,,ýýýýýýýýýýýýýý,,,Big_Borz,,,,Pharmacy 1,ph
35.48065057,30.32142673,5514440971,node,9,,,,,,,pharmacy,78850030,,12/25/2019 15:25,,,,b7b9865fc597416aae4fc1e63f851306,,2,,,,,,,,,,,wilco83,,,,Pharmacy H2O,ph
35.59038704,31.72278572,7093936826,node,9,,,,,,,pharmacy,78990510,,12/29/2019 21:46,,,,a592a08e5d004999845cd418c01bd45c,,1,,,,,,,,,,,wilco83,,,,Pharmacy One,ph
35.85842882,31.89883452,3862426339,node,12,,,,,,,pharmacy,35608003,,11/27/2015 10:00,,,,64a18cfee4794df5a74a76ac9f6f276f,,1,,,,,,,,Amman,,,Notwerk,,,,Pharmacy One,ph
35.8653164,31.98257426,6456465233,node,15,,,,,,,pharmacy,70560744,,5/23/2019 17:45,,,,70586d35e99c437fb9f5fbf98d734502,,3,Al-Madina Al-Munawwara Street,,,,,,,,,,richardninde,,156,,Pharmacy One,ph
35.87242928,31.94729869,6491359762,node,12,,,,,,,pharmacy,70519359,,5/22/2019 15:18,,,,9128e098bb7a46bda34f047c4584959f,,1,Ali Seedo Al-Kurdi Street,,,,,,,,,,Gr8fulDead,,,,Pharmacy One,ph
35.88421926,31.95491557,652570146,node,9,,,,,,,pharmacy,70252578,,5/14/2019 20:55,,,,715d2822e6c04767ad6fc9cb58d5122d,,5,,,,,,,,,,,spuddy93,,,,Pharmacy One,ph
35.90836686,31.91798994,6486023452,node,15,,,,,,,pharmacy,70445117,,5/20/2019 15:16,,,,8e4c3f4b3391438992d16def89603200,,1,ýýýýýýýý ýýýýýýýýýý,,,,,,,,,,TheMineralCartographer,,361,,Pharmacy One,ph
35.91499996,31.91140117,4209730508,node,12,,,,,,,hospital,69323790,,4/17/2019 20:52,,,,7b57851078af41d09fb38c750b5a5436,,2,Al Sakhrah Al Musharrafah Street,,,,,,,,,,Kaarti_B,,,,Pharmacy One,ph
35.91655237,31.96280655,4614503622,node,15,,,,,,,pharmacy,76867550,,11/10/2019 12:59,,,,cc64a5714c464fd7884caa297bba5b6e,,5,Al-Razi Street,,,,,,,,,,SerV,,,pharmacy,Pharmacy One,ph
35.92439389,31.95023579,7109111198,node,12,,,,,,,pharmacy,79212152,,1/5/2020 13:02,,,,74ca67408b44423d93a4a5aef254b095,,1,Rainbow Street,,,,,,,,,,Alan Orth,,,,Pharmacy One,ph
35.94779935,31.98887418,6489294281,node,12,,,,,,,pharmacy,70491688,,5/21/2019 20:02,,,,6b5b74109df64f7a9667a0aee5ed5bef,,1,ýýýýýýýý ýýýýýýýýýýýý,,,,,,,,,,birdeatscake,,,,Pharmacy One,ph
35.85603327,32.02519356,1927937405,node,9,,,,,,,pharmacy,13213010,,9/22/2012 21:11,,,,4b301b39bb56440d8dcd443100343682,,1,,,,,,,,,,,meeeee,,,,Pharmacy One (Jubaiha),ph
36.09180372,32.04778673,3983265454,node,15,,,,,,,pharmacy,36949118,,2/2/2016 1:07,,,,bd8f6cb161094988ba0c8d94eff5e962,,1,Amman - Zarqa Autostrad,,,,,,,Al Zarqa,,,Big_Borz,,,,Pharmacy One Al Zarqa,ph
35.92103065,31.95055665,7125900876,node,12,,,,,,,pharmacy,79473552,,1/12/2020 11:50,,,,b3ae14b9f5344beb8755d405b81ce3cb,,1,,,,,,,,,,,Alan Orth,,13,,Pharmacy World,ph
35.86236094,31.99347794,6452135276,node,12,,,,,,,pharmacy,76867550,,11/10/2019 12:59,,,,53a4a981ddef4917ad1d60518572205e,,3,,,,,,,,,,,SerV,,,pharmacy,Pharmore,ph
35.88154175,31.98528095,6459323488,node,15,,,,,,,pharmacy,76867550,,11/10/2019 12:59,,,,a6a963f08124407c9e47eacc21bd8360,,2,ýýýýýýýý ýýýýýýýýýýýý ýýýýýýýý ýýýýýýýý,,,,,,,,,,SerV,,,pharmacy,Pharmore,ph
35.84602234,31.89093927,6453177982,node,12,,,,,,,pharmacy,69953121,,5/6/2019 22:07,,,,631de3dad2c94d2f9362498e41f80f8c,,1,Princess Taghreed Moh'd Street,,,,,,,,,,peacewaya,,,,Pioneers Pharmacy,ph
35.85183595,32.53823107,7281792536,node,9,,,,,,,pharmacy,81997819,,3/10/2020 8:14,,,,73a4a8ed26c14f8e86ab6d0f55953d1f,,1,,,,,,,,,,,Ghida'a Mahasees,,,,plus,ph
35.92700754,31.94922703,7109153200,node,18,,,yes,,,,pharmacy,79245342,,1/6/2020 11:09,,,,e8797a9a14eb4866b0cde3668d703383,,2,Rainbow Street,,,,,,,,,,Alan Orth,,,pharmacy,Rahmeh Pharmacy,ph
35.83755386,31.99623668,6452813106,node,12,,,,,,,pharmacy,69947021,,5/6/2019 18:18,,,,316ce061c8b041e5aba22c6921a5840d,,1,ýýýýýýýý ýýýýýýýý ýýýýýýýý,,,,,,,,,,birdeatscake,,,,Rawhi Pharmacy,ph
35.81386769,31.99254378,2840976597,node,9,,,,,,,pharmacy,22476325,,5/21/2014 22:37,,,,b48597382fba4de0bb7f7c4364a93903,,2,,,,,,,,,,,Jamal H,,,,Sabbar Pharmacy,ph
35.83495505,31.95119493,6481156599,node,15,,,,,,,pharmacy,70364582,,5/17/2019 16:15,,,,1f80f448dc394a179d4587f9df124bac,,2,Abdullrazzaq Al-Hasan Street,,,,,,,,,,richardninde,,42,,Siwar Al-Asal Pharmacy,ph
35.89404822,32.01439943,6495372815,node,12,,,,,,,pharmacy,70555829,,5/23/2019 15:13,,,,c84d4ec460b84d0c9bc9217f0a04374f,,1,ýýýýýýýý ýýýýýýýýýýýýýý ýýýýýýýýýýýýýý,,,,,,,,,,Kaarti_B,,,,Strawberry Pharmacy,ph
35.84328867,31.90408654,6443301686,node,15,,,,,,,pharmacy,74642383,,9/18/2019 19:00,,,,c09f718458f148d394d03cffc2478414,,4,Mifleh Al-Mete'b Al-Elayyan Street,,,,,,,,,,And_12,,25,,Tal Pharmacy,ph
35.73468988,30.19811913,4617737698,node,9,,,,,,,pharmacy,52540109,,10/1/2017 15:50,,,,f0edd5a758e94758b2aa497f3c207675,,2,,,,,,,,,,,Yousef Elmughrabi,,,,Tibah Pharmacy,ph
35.84140132,32.52690679,7102025386,node,9,,,,,,,pharmacy,79123638,,1/2/2020 17:24,,,,7e55e244010c4767b6761df10377e1db,,1,,,,,,,,,,,SaiF AL-Hariri,,,ýýýýýýýýýýýý,Tree Pharmacy,ph
35.47961809,30.32175723,5514464021,node,9,,,,,,,pharmacy,78850030,,12/25/2019 15:25,,,,78b2f06cb4c24fd3bbef881963c773b3,,2,,,,,,,,,,,wilco83,,,,Wadi Mousa Pharmacy,ph
35.88708487,31.99845227,6465209958,node,15,,,,,,,pharmacy,70117366,,5/10/2019 16:52,,,,1c24aae400c0473e9efaa902ecf1f8e0,,1,ýýýýýýýý ýýýýýýýýýýýý,,,,,,,,,,richardninde,,38,,Yara Pharmacy,ph
35.85089164,32.54169456,7284410806,node,9,,,,,,,pharmacy,82048186,,3/11/2020 9:08,,,,f92b6b1b4f6a4d7cb3322317d569c3c4,,1,,,,,,,,,,,Baraa'h ALkhalde,,,,Zamzm Pharmacy,ph
35.86759443,31.96374205,4406046389,node,9,,,,,,,pharmacy,42233752,,9/17/2016 19:32,,,,2cd7ffef72d74070b4bf0e8333282d05,,1,,,,,,,,,,,Saad Bataineh,,,,Zied Pharmacy,ph
35.00446267,29.53307806,4492093111,node,12,,,,,,,pharmacy,74656171,,9/19/2019 7:18,,,,98b8753a43ab4162bca8af414e133947,,2,,,,,,,,Aqaba,,,Timothy Smith,,,pharmacy,pharmacy,ph
,,,,,,,,,,,,,,,,,,,,,,,,,,,,,,,,,,,,
,,,,,,,,,,,,,,,,,,,,,,,,,,,,,,,,,,,,
,,,,,,,,,,,,,,,,,,,,,,,,,,,,,,,,,,,,
,,,,,,,,,,,,,,,,,,,,,,,,,,,,,,,,,,,,
,,,,,,,,,,,,,,,,,,,,,,,,,,,,,,,,,,,,
,,,,,,,,,,,,,,,,,,,,,,,,,,,,,,,,,,,,
,,,,,,,,,,,,,,,,,,,,,,,,,,,,,,,,,,,,
,,,,,,,,,,,,,,,,,,,,,,,,,,,,,,,,,,,,
,,,,,,,,,,,,,,,,,,,,,,,,,,,,,,,,,,,,
,,,,,,,,,,,,,,,,,,,,,,,,,,,,,,,,,,,,
,,,,,,,,,,,,,,,,,,,,,,,,,,,,,,,,,,,,
,,,,,,,,,,,,,,,,,,,,,,,,,,,,,,,,,,,,
,,,,,,,,,,,,,,,,,,,,,,,,,,,,,,,,,,,,
,,,,,,,,,,,,,,,,,,,,,,,,,,,,,,,,,,,,
,,,,,,,,,,,,,,,,,,,,,,,,,,,,,,,,,,,,
,,,,,,,,,,,,,,,,,,,,,,,,,,,,,,,,,,,,
,,,,,,,,,,,,,,,,,,,,,,,,,,,,,,,,,,,,
,,,,,,,,,,,,,,,,,,,,,,,,,,,,,,,,,,,,
,,,,,,,,,,,,,,,,,,,,,,,,,,,,,,,,,,,,
,,,,,,,,,,,,,,,,,,,,,,,,,,,,,,,,,,,,
,,,,,,,,,,,,,,,,,,,,,,,,,,,,,,,,,,,,
,,,,,,,,,,,,,,,,,,,,,,,,,,,,,,,,,,,,
,,,,,,,,,,,,,,,,,,,,,,,,,,,,,,,,,,,,
,,,,,,,,,,,,,,,,,,,,,,,,,,,,,,,,,,,,
,,,,,,,,,,,,,,,,,,,,,,,,,,,,,,,,,,,,
,,,,,,,,,,,,,,,,,,,,,,,,,,,,,,,,,,,,
,,,,,,,,,,,,,,,,,,,,,,,,,,,,,,,,,,,,
,,,,,,,,,,,,,,,,,,,,,,,,,,,,,,,,,,,,
,,,,,,,,,,,,,,,,,,,,,,,,,,,,,,,,,,,,
,,,,,,,,,,,,,,,,,,,,,,,,,,,,,,,,,,,,
,,,,,,,,,,,,,,,,,,,,,,,,,,,,,,,,,,,,
,,,,,,,,,,,,,,,,,,,,,,,,,,,,,,,,,,,,
,,,,,,,,,,,,,,,,,,,,,,,,,,,,,,,,,,,,
,,,,,,,,,,,,,,,,,,,,,,,,,,,,,,,,,,,,
,,,,,,,,,,,,,,,,,,,,,,,,,,,,,,,,,,,,
,,,,,,,,,,,,,,,,,,,,,,,,,,,,,,,,,,,,
,,,,,,,,,,,,,,,,,,,,,,,,,,,,,,,,,,,,
,,,,,,,,,,,,,,,,,,,,,,,,,,,,,,,,,,,,
,,,,,,,,,,,,,,,,,,,,,,,,,,,,,,,,,,,,
,,,,,,,,,,,,,,,,,,,,,,,,,,,,,,,,,,,,
,,,,,,,,,,,,,,,,,,,,,,,,,,,,,,,,,,,,
,,,,,,,,,,,,,,,,,,,,,,,,,,,,,,,,,,,,
,,,,,,,,,,,,,,,,,,,,,,,,,,,,,,,,,,,,
,,,,,,,,,,,,,,,,,,,,,,,,,,,,,,,,,,,,
,,,,,,,,,,,,,,,,,,,,,,,,,,,,,,,,,,,,
,,,,,,,,,,,,,,,,,,,,,,,,,,,,,,,,,,,,
,,,,,,,,,,,,,,,,,,,,,,,,,,,,,,,,,,,,
,,,,,,,,,,,,,,,,,,,,,,,,,,,,,,,,,,,,
,,,,,,,,,,,,,,,,,,,,,,,,,,,,,,,,,,,,
,,,,,,,,,,,,,,,,,,,,,,,,,,,,,,,,,,,,
,,,,,,,,,,,,,,,,,,,,,,,,,,,,,,,,,,,,
,,,,,,,,,,,,,,,,,,,,,,,,,,,,,,,,,,,,
,,,,,,,,,,,,,,,,,,,,,,,,,,,,,,,,,,,,
,,,,,,,,,,,,,,,,,,,,,,,,,,,,,,,,,,,,
,,,,,,,,,,,,,,,,,,,,,,,,,,,,,,,,,,,,
,,,,,,,,,,,,,,,,,,,,,,,,,,,,,,,,,,,,
,,,,,,,,,,,,,,,,,,,,,,,,,,,,,,,,,,,,
,,,,,,,,,,,,,,,,,,,,,,,,,,,,,,,,,,,,
,,,,,,,,,,,,,,,,,,,,,,,,,,,,,,,,,,,,
,,,,,,,,,,,,,,,,,,,,,,,,,,,,,,,,,,,,
,,,,,,,,,,,,,,,,,,,,,,,,,,,,,,,,,,,,
,,,,,,,,,,,,,,,,,,,,,,,,,,,,,,,,,,,,
,,,,,,,,,,,,,,,,,,,,,,,,,,,,,,,,,,,,
,,,,,,,,,,,,,,,,,,,,,,,,,,,,,,,,,,,,
,,,,,,,,,,,,,,,,,,,,,,,,,,,,,,,,,,,,
,,,,,,,,,,,,,,,,,,,,,,,,,,,,,,,,,,,,
,,,,,,,,,,,,,,,,,,,,,,,,,,,,,,,,,,,,
,,,,,,,,,,,,,,,,,,,,,,,,,,,,,,,,,,,,
,,,,,,,,,,,,,,,,,,,,,,,,,,,,,,,,,,,,
,,,,,,,,,,,,,,,,,,,,,,,,,,,,,,,,,,,,
,,,,,,,,,,,,,,,,,,,,,,,,,,,,,,,,,,,,
,,,,,,,,,,,,,,,,,,,,,,,,,,,,,,,,,,,,
,,,,,,,,,,,,,,,,,,,,,,,,,,,,,,,,,,,,
,,,,,,,,,,,,,,,,,,,,,,,,,,,,,,,,,,,,
,,,,,,,,,,,,,,,,,,,,,,,,,,,,,,,,,,,,
,,,,,,,,,,,,,,,,,,,,,,,,,,,,,,,,,,,,
,,,,,,,,,,,,,,,,,,,,,,,,,,,,,,,,,,,,
,,,,,,,,,,,,,,,,,,,,,,,,,,,,,,,,,,,,
,,,,,,,,,,,,,,,,,,,,,,,,,,,,,,,,,,,,
,,,,,,,,,,,,,,,,,,,,,,,,,,,,,,,,,,,,
,,,,,,,,,,,,,,,,,,,,,,,,,,,,,,,,,,,,
,,,,,,,,,,,,,,,,,,,,,,,,,,,,,,,,,,,,
,,,,,,,,,,,,,,,,,,,,,,,,,,,,,,,,,,,,
,,,,,,,,,,,,,,,,,,,,,,,,,,,,,,,,,,,,
,,,,,,,,,,,,,,,,,,,,,,,,,,,,,,,,,,,,
,,,,,,,,,,,,,,,,,,,,,,,,,,,,,,,,,,,,
,,,,,,,,,,,,,,,,,,,,,,,,,,,,,,,,,,,,
,,,,,,,,,,,,,,,,,,,,,,,,,,,,,,,,,,,,
,,,,,,,,,,,,,,,,,,,,,,,,,,,,,,,,,,,,
,,,,,,,,,,,,,,,,,,,,,,,,,,,,,,,,,,,,
,,,,,,,,,,,,,,,,,,,,,,,,,,,,,,,,,,,,
,,,,,,,,,,,,,,,,,,,,,,,,,,,,,,,,,,,,
,,,,,,,,,,,,,,,,,,,,,,,,,,,,,,,,,,,,
,,,,,,,,,,,,,,,,,,,,,,,,,,,,,,,,,,,,
,,,,,,,,,,,,,,,,,,,,,,,,,,,,,,,,,,,,
,,,,,,,,,,,,,,,,,,,,,,,,,,,,,,,,,,,,
,,,,,,,,,,,,,,,,,,,,,,,,,,,,,,,,,,,,
,,,,,,,,,,,,,,,,,,,,,,,,,,,,,,,,,,,,
,,,,,,,,,,,,,,,,,,,,,,,,,,,,,,,,,,,,
,,,,,,,,,,,,,,,,,,,,,,,,,,,,,,,,,,,,
,,,,,,,,,,,,,,,,,,,,,,,,,,,,,,,,,,,,
,,,,,,,,,,,,,,,,,,,,,,,,,,,,,,,,,,,,
,,,,,,,,,,,,,,,,,,,,,,,,,,,,,,,,,,,,
,,,,,,,,,,,,,,,,,,,,,,,,,,,,,,,,,,,,
,,,,,,,,,,,,,,,,,,,,,,,,,,,,,,,,,,,,
,,,,,,,,,,,,,,,,,,,,,,,,,,,,,,,,,,,,
,,,,,,,,,,,,,,,,,,,,,,,,,,,,,,,,,,,,
,,,,,,,,,,,,,,,,,,,,,,,,,,,,,,,,,,,,
,,,,,,,,,,,,,,,,,,,,,,,,,,,,,,,,,,,,
,,,,,,,,,,,,,,,,,,,,,,,,,,,,,,,,,,,,
,,,,,,,,,,,,,,,,,,,,,,,,,,,,,,,,,,,,
,,,,,,,,,,,,,,,,,,,,,,,,,,,,,,,,,,,,
,,,,,,,,,,,,,,,,,,,,,,,,,,,,,,,,,,,,
,,,,,,,,,,,,,,,,,,,,,,,,,,,,,,,,,,,,
,,,,,,,,,,,,,,,,,,,,,,,,,,,,,,,,,,,,
,,,,,,,,,,,,,,,,,,,,,,,,,,,,,,,,,,,,
,,,,,,,,,,,,,,,,,,,,,,,,,,,,,,,,,,,,
,,,,,,,,,,,,,,,,,,,,,,,,,,,,,,,,,,,,
,,,,,,,,,,,,,,,,,,,,,,,,,,,,,,,,,,,,
,,,,,,,,,,,,,,,,,,,,,,,,,,,,,,,,,,,,
,,,,,,,,,,,,,,,,,,,,,,,,,,,,,,,,,,,,
,,,,,,,,,,,,,,,,,,,,,,,,,,,,,,,,,,,,
,,,,,,,,,,,,,,,,,,,,,,,,,,,,,,,,,,,,
,,,,,,,,,,,,,,,,,,,,,,,,,,,,,,,,,,,,
,,,,,,,,,,,,,,,,,,,,,,,,,,,,,,,,,,,,
,,,,,,,,,,,,,,,,,,,,,,,,,,,,,,,,,,,,
,,,,,,,,,,,,,,,,,,,,,,,,,,,,,,,,,,,,
,,,,,,,,,,,,,,,,,,,,,,,,,,,,,,,,,,,,
,,,,,,,,,,,,,,,,,,,,,,,,,,,,,,,,,,,,
,,,,,,,,,,,,,,,,,,,,,,,,,,,,,,,,,,,,
,,,,,,,,,,,,,,,,,,,,,,,,,,,,,,,,,,,,
,,,,,,,,,,,,,,,,,,,,,,,,,,,,,,,,,,,,
,,,,,,,,,,,,,,,,,,,,,,,,,,,,,,,,,,,,
,,,,,,,,,,,,,,,,,,,,,,,,,,,,,,,,,,,,
,,,,,,,,,,,,,,,,,,,,,,,,,,,,,,,,,,,,
,,,,,,,,,,,,,,,,,,,,,,,,,,,,,,,,,,,,
,,,,,,,,,,,,,,,,,,,,,,,,,,,,,,,,,,,,
,,,,,,,,,,,,,,,,,,,,,,,,,,,,,,,,,,,,
,,,,,,,,,,,,,,,,,,,,,,,,,,,,,,,,,,,,
,,,,,,,,,,,,,,,,,,,,,,,,,,,,,,,,,,,,
,,,,,,,,,,,,,,,,,,,,,,,,,,,,,,,,,,,,
,,,,,,,,,,,,,,,,,,,,,,,,,,,,,,,,,,,,
,,,,,,,,,,,,,,,,,,,,,,,,,,,,,,,,,,,,
,,,,,,,,,,,,,,,,,,,,,,,,,,,,,,,,,,,,
,,,,,,,,,,,,,,,,,,,,,,,,,,,,,,,,,,,,
,,,,,,,,,,,,,,,,,,,,,,,,,,,,,,,,,,,,
,,,,,,,,,,,,,,,,,,,,,,,,,,,,,,,,,,,,
,,,,,,,,,,,,,,,,,,,,,,,,,,,,,,,,,,,,
,,,,,,,,,,,,,,,,,,,,,,,,,,,,,,,,,,,,
,,,,,,,,,,,,,,,,,,,,,,,,,,,,,,,,,,,,
,,,,,,,,,,,,,,,,,,,,,,,,,,,,,,,,,,,,
,,,,,,,,,,,,,,,,,,,,,,,,,,,,,,,,,,,,
,,,,,,,,,,,,,,,,,,,,,,,,,,,,,,,,,,,,
,,,,,,,,,,,,,,,,,,,,,,,,,,,,,,,,,,,,
,,,,,,,,,,,,,,,,,,,,,,,,,,,,,,,,,,,,
,,,,,,,,,,,,,,,,,,,,,,,,,,,,,,,,,,,,
,,,,,,,,,,,,,,,,,,,,,,,,,,,,,,,,,,,,
,,,,,,,,,,,,,,,,,,,,,,,,,,,,,,,,,,,,
,,,,,,,,,,,,,,,,,,,,,,,,,,,,,,,,,,,,
,,,,,,,,,,,,,,,,,,,,,,,,,,,,,,,,,,,,
,,,,,,,,,,,,,,,,,,,,,,,,,,,,,,,,,,,,
,,,,,,,,,,,,,,,,,,,,,,,,,,,,,,,,,,,,
,,,,,,,,,,,,,,,,,,,,,,,,,,,,,,,,,,,,
,,,,,,,,,,,,,,,,,,,,,,,,,,,,,,,,,,,,
,,,,,,,,,,,,,,,,,,,,,,,,,,,,,,,,,,,,
,,,,,,,,,,,,,,,,,,,,,,,,,,,,,,,,,,,,
,,,,,,,,,,,,,,,,,,,,,,,,,,,,,,,,,,,,
,,,,,,,,,,,,,,,,,,,,,,,,,,,,,,,,,,,,
,,,,,,,,,,,,,,,,,,,,,,,,,,,,,,,,,,,,
,,,,,,,,,,,,,,,,,,,,,,,,,,,,,,,,,,,,
,,,,,,,,,,,,,,,,,,,,,,,,,,,,,,,,,,,,
,,,,,,,,,,,,,,,,,,,,,,,,,,,,,,,,,,,,
,,,,,,,,,,,,,,,,,,,,,,,,,,,,,,,,,,,,
,,,,,,,,,,,,,,,,,,,,,,,,,,,,,,,,,,,,
,,,,,,,,,,,,,,,,,,,,,,,,,,,,,,,,,,,,
,,,,,,,,,,,,,,,,,,,,,,,,,,,,,,,,,,,,
,,,,,,,,,,,,,,,,,,,,,,,,,,,,,,,,,,,,
,,,,,,,,,,,,,,,,,,,,,,,,,,,,,,,,,,,,
,,,,,,,,,,,,,,,,,,,,,,,,,,,,,,,,,,,,
,,,,,,,,,,,,,,,,,,,,,,,,,,,,,,,,,,,,
,,,,,,,,,,,,,,,,,,,,,,,,,,,,,,,,,,,,
,,,,,,,,,,,,,,,,,,,,,,,,,,,,,,,,,,,,
,,,,,,,,,,,,,,,,,,,,,,,,,,,,,,,,,,,,
,,,,,,,,,,,,,,,,,,,,,,,,,,,,,,,,,,,,
,,,,,,,,,,,,,,,,,,,,,,,,,,,,,,,,,,,,
,,,,,,,,,,,,,,,,,,,,,,,,,,,,,,,,,,,,
,,,,,,,,,,,,,,,,,,,,,,,,,,,,,,,,,,,,
,,,,,,,,,,,,,,,,,,,,,,,,,,,,,,,,,,,,
,,,,,,,,,,,,,,,,,,,,,,,,,,,,,,,,,,,,
,,,,,,,,,,,,,,,,,,,,,,,,,,,,,,,,,,,,
,,,,,,,,,,,,,,,,,,,,,,,,,,,,,,,,,,,,
,,,,,,,,,,,,,,,,,,,,,,,,,,,,,,,,,,,,
,,,,,,,,,,,,,,,,,,,,,,,,,,,,,,,,,,,,
,,,,,,,,,,,,,,,,,,,,,,,,,,,,,,,,,,,,
,,,,,,,,,,,,,,,,,,,,,,,,,,,,,,,,,,,,
,,,,,,,,,,,,,,,,,,,,,,,,,,,,,,,,,,,,
,,,,,,,,,,,,,,,,,,,,,,,,,,,,,,,,,,,,
,,,,,,,,,,,,,,,,,,,,,,,,,,,,,,,,,,,,
,,,,,,,,,,,,,,,,,,,,,,,,,,,,,,,,,,,,
,,,,,,,,,,,,,,,,,,,,,,,,,,,,,,,,,,,,
,,,,,,,,,,,,,,,,,,,,,,,,,,,,,,,,,,,,
,,,,,,,,,,,,,,,,,,,,,,,,,,,,,,,,,,,,
,,,,,,,,,,,,,,,,,,,,,,,,,,,,,,,,,,,,
,,,,,,,,,,,,,,,,,,,,,,,,,,,,,,,,,,,,
,,,,,,,,,,,,,,,,,,,,,,,,,,,,,,,,,,,,
,,,,,,,,,,,,,,,,,,,,,,,,,,,,,,,,,,,,
,,,,,,,,,,,,,,,,,,,,,,,,,,,,,,,,,,,,
,,,,,,,,,,,,,,,,,,,,,,,,,,,,,,,,,,,,
,,,,,,,,,,,,,,,,,,,,,,,,,,,,,,,,,,,,
,,,,,,,,,,,,,,,,,,,,,,,,,,,,,,,,,,,,
,,,,,,,,,,,,,,,,,,,,,,,,,,,,,,,,,,,,
,,,,,,,,,,,,,,,,,,,,,,,,,,,,,,,,,,,,
,,,,,,,,,,,,,,,,,,,,,,,,,,,,,,,,,,,,
,,,,,,,,,,,,,,,,,,,,,,,,,,,,,,,,,,,,
,,,,,,,,,,,,,,,,,,,,,,,,,,,,,,,,,,,,
,,,,,,,,,,,,,,,,,,,,,,,,,,,,,,,,,,,,
