X,Y,osm_id,osm_type,completeness,#meta +operator,#meta +health_amenity_type,#meta+dispensing,#meta +speciality,#meta+is_in_health_zone,#capacity +staff,#loc+amenity,changeset_id,#access +hours,changeset_timestamp,#meta+emergency,#contact +url,#meta +operator_type,#meta +id,#meta+water_source,changeset_version,addr_street,#meta+electricity,#contact +phone,#meta+insurance,#status+operational_status,#meta+is_in_health_area,addr_postcode,addr_city,#meta+wheelchair,#capacity +beds,changeset_user,#geo+bounds+url,addr_housenumber,#meta+healthcare,#loc +name,tag
35.00283976,29.52517979,2548226418,node,6,,,,,,,pharmacy,19085590,,11/24/2013 5:18,,,,dab80803f9dd4ba0a3d73df6b59f77b2,,1,,,,,,,,,,,Jason Haines,,,,,
35.00343035,29.52615888,5871808586,node,9,,,,,,,pharmacy,62180781,,8/31/2018 18:17,,,,bc3d1531041240f2b234947f0a751533,,1,,,,,,,,,,,AymericBo,,,,Aqaba pharmacy,
35.00367703,29.53073875,2344061465,node,6,,,,,,,pharmacy,62608526,,9/15/2018 10:43,,,,25e5d4a0f2ee4575bd23348c51f3a94a,,2,,,,,,,,,,,788844,,,,,
35.00429109,29.53075225,4617737689,node,6,,,,,,,pharmacy,45289084,,1/19/2017 6:17,,,,eae25018619d473fbd7da06ea6f207a0,,1,,,,,,,,,,,Emad Al Mughrabi,,,,,
35.00446267,29.53307806,4492093111,node,12,,,,,,,pharmacy,74656171,,9/19/2019 7:18,,,,98b8753a43ab4162bca8af414e133947,,2,,,,,,,,Aqaba,,,Timothy Smith,,,pharmacy,,
35.00588064,29.5312757,5996468585,node,9,,,,,,,pharmacy,81654167,,3/1/2020 20:59,,,,f66bd19b46f246b5954b67a49deafa50,,3,Al Saada str.,,,,,,,,,,iridium,,,,,
35.00807669,29.53020374,4617734592,node,6,,,,,,,pharmacy,45289084,,1/19/2017 6:17,,,,56ecb6d938c2474ea84fc7c283bb4162,,1,,,,,,,,,,,Emad Al Mughrabi,,,,,
35.01076108,29.52475315,4617640790,node,18,,,,,,,pharmacy,66598316,Mo-Su 09:00-23:00,1/24/2019 11:26,,,,e087b00736944becbf11f1675f180e15,,2,almanarah street,,,,,,,,,,t_pienn,,9.62781E+11,,صيدلية دواكم,
35.01102033,29.53531326,6814305915,node,9,,,,,,,,74753705,,9/21/2019 16:31,,,,3caa36a2a2ff46b18d93396d9a1fe4e3,,1,,,,,,,,,,,Aqaba Shark,,,laboratory,Health Directorat,
35.01757373,29.54647058,6812101533,node,12,,,,,,,clinic,74718071,,9/20/2019 13:08,,,,aa269fc772294a7597fc30101e7f637f,,1,,,,,,,,,,,Aqaba Shark,,,clinic,Aqaba Modern Hospital,
35.46017358,30.25621603,7184122021,node,6,,,,,,,pharmacy,80532822,,2/4/2020 12:28,,,,4b7bcd94012449a790c00ec6741d8a01,,1,,,,,,,,,,,roadscarf,,,,,
35.47638435,30.32445167,7083890121,node,9,,,,,,,pharmacy,78847874,,12/25/2019 13:49,,,,61df226680d3440990de069c254f09b8,,1,,,,,,,,,,,wilco83,,,,Nabatean Pharmacy,
35.47877957,30.32157719,7083943519,node,9,,,,,,,pharmacy,78849385,,12/25/2019 14:56,,,,726518205623495b9e98d5aa1607e021,,1,,,,,,,,,,,wilco83,,,,Modern Petra Pharmacy,
35.47961809,30.32175723,5514464021,node,9,,,,,,,pharmacy,78850030,,12/25/2019 15:25,,,,78b2f06cb4c24fd3bbef881963c773b3,,2,,,,,,,,,,,wilco83,,,,Wadi Mousa Pharmacy,
35.48065057,30.32142673,5514440971,node,9,,,,,,,pharmacy,78850030,,12/25/2019 15:25,,,,b7b9865fc597416aae4fc1e63f851306,,2,,,,,,,,,,,wilco83,,,,Pharmacy H2O,
35.58415316,32.39415823,5606632674,node,21,وزارة الصحه,,,ophthalmology,,,hospital,58812445,,5/9/2018 9:01,yes,,,6e40e71d811c4f27a0ecdb2c00978de2,,1,,,,,,,,,,,maramalghoull,,,hospital,hospital,
35.59038704,31.72278572,7093936826,node,9,,,,,,,pharmacy,78990510,,12/29/2019 21:46,,,,a592a08e5d004999845cd418c01bd45c,,1,,,,,,,,,,,wilco83,,,,Pharmacy One,
35.60881189,32.54339936,5097488474,node,9,,,,,,,hospital,51933398,,9/11/2017 9:31,,,,e0126295ea114e7f9015b2bcfc5f795a,,1,,,,,,,,,,,Yosha Alamri,,,,مركز صحي وقاص/ وكالة الغوث UNRWA,
35.6493974,32.32558119,4574729095,node,6,,,,,,,hospital,44702546,,12/27/2016 10:20,,,,faca4f892d8e48348889d47855804178,,1,,,,,,,,,,,Hghazo,,,,,
35.69624419,32.48329072,5606618045,node,28,وزارة الصحه,,,general,,,hospital,58812254,,5/9/2018 8:55,yes,,,f39789d454f94dde80e1764db3c4c5f4,,1,srteet abo jodat,,,,,,,"كفر الماء",,,mohammadalzoubi,,,hospital,مركز صحي,
35.70174758,32.48292753,5606681839,node,15,حكومي,,,,,,hospital,58812921,,5/9/2018 9:15,,,,10cc805d5cf7437cbd9f764814b525b4,,1,,,,,,,,,,,ayatbaniyaseen8,,,hospital,"مركز صحي كفرالماء",
35.70195964,31.18650569,1784439854,node,9,,,,,,,hospital,78899800,,12/26/2019 22:34,,,,73b62256f82e475da07ee2c7d93cbccb,,2,,,,,,,,,,,Iro16,,,,Italian Hospital,
35.70221009,32.40890392,5606786962,node,21,,,,,,,hospital,58814680,,5/9/2018 10:06,,,,9b2a4bd3a51046249d062dcc3220e2a7,,1,14,,,,,,,اربد,,,Feras katatbeh,,جديتا,hospital,مركز صحي جديتا,
35.72118756,32.38623113,7392388986,node,18,,,,,,,clinic,83400245,,4/11/2020 14:15,,,,6a09054c69df43ad80a1628261fc24b3,,1,,,,public,,,,ajloun,,,noorbaninaser,,,clinic;dentist;doctor,baoun health center,
35.72541388,31.14716514,5913248686,node,6,,,,,,,hospital,62686774,,9/18/2018 7:26,,,,1c9c8fbf579540ba94cd49aac8c51b79,,1,,,,,,,,,,,"Ирина Сидоренко",,,,,
35.72742093,32.38348597,7393020587,node,18,,,,,,,clinic,83407541,,4/11/2020 18:03,,,,9c17038f2e3640b09dc44911c29c489a,,1,,,,public,,,,ajloun,,,noorbaninaser,,,clinic;dentist;doctor,baoun primary health center,
35.72843816,30.19100088,4617738093,node,9,,,,,,,hospital,83728777,,4/17/2020 23:23,,,,30adfd350f1340b7ac0d52a0a7c33e1c,,3,,,,,,,,,,,Abdullah Abdulrahman,,,,مستشفى معان الحكومي,
35.72890444,30.19356759,4617737699,node,6,,,,,,,pharmacy,45289084,,1/19/2017 6:18,,,,68e3496019db4639be772ed8bacb04f3,,1,,,,,,,,,,,Emad Al Mughrabi,,,,,
35.72915908,32.38154707,7393003785,node,18,,,,,,,clinic,83406960,,4/11/2020 17:40,,,,e6a3db5bb94a4fbfa4a340f5cc55f187,,1,,,,public,,,,ajloun,,,noorbaninaser,,,pharmacy,al ayoun pharmacy,
35.72919127,32.38143827,7392450085,node,18,,,,,,,clinic,83400812,,4/11/2020 14:34,,,,5292ad943cbf4b3db54c04641b0ca5c5,,1,,,,public,,,,ajloun,,,noorbaninaser,,,doctor;pharmacy,eye pharmacy,
35.7319915,32.38290603,7392510986,node,18,,,,,,,clinic,83401578,,4/11/2020 14:57,,,,851137b52d1a4c819d90d92e2736e3ba,,1,,,,public,,,,ajouln,,,noorbaninaser,,,pharmacy,eye pharmacy baoun,
35.73352044,32.39617458,5606554765,node,31,وزارة الصحة الاردنيه,,,general;surgery,,,hospital,83398578,,4/11/2020 13:19,yes,,,f8f22bcaf10246ac84defa35ea1a024b,,5,شارع ام العيون,,,,,,,عجلون,,,noorbaninaser,,مركز القريه,hospital,مركز صحي عرجان,
35.73465686,30.19824704,5745004127,node,9,,,,,,,doctors,60484394,,7/7/2018 8:31,,,,a82aa6d3d5e64813988e00f3d6a50f41,,1,,,,,,,,,,,Emad Al Mughrabi,,,,د محمد كريشان,
35.73468988,30.19811913,4617737698,node,9,,,,,,,pharmacy,52540109,,10/1/2017 15:50,,,,f0edd5a758e94758b2aa497f3c207675,,2,,,,,,,,,,,Yousef Elmughrabi,,,,صيدلية طيبة,
35.73509657,30.19721648,4617737798,node,9,,,,,,,pharmacy,52540109,,10/1/2017 15:50,,,,11c15a80e18d43dab9c6b05858df40b9,,2,,,,,,,,,,,Yousef Elmughrabi,,,,صيدلية أبو طويلة,
35.73988608,32.37095402,5606774198,node,12,,,,,,,hospital,58814583,,5/9/2018 10:03,,,,531ebb2f52a74f57b29a25220c5112c4,,1,,,,,,,,,,,bdoor bdoor,,,hospital,مركز صحي,
35.73988608,32.37095402,5606787140,node,21,وزارة صحة,,,ophthalmology,,,hospital,58814684,,5/9/2018 10:06,yes,,,e9c0d05eb2dd4fb195e317d58e483958,,1,,,,,,,,,,,bdoor bdoor,,,hospital,مركز صحي عرجان,
35.75749838,32.40115729,5606753002,node,12,,,,,,,hospital,58814587,,5/9/2018 10:03,,,,70b81937a3fa4fb7a24fe8b0b6ef6294,,2,,,,,,,,,,,laith95,,,hospital,مركز صحي راسون,
35.76500714,32.43500567,5606667153,node,25,حكومي,,,,,,hospital,58812823,,5/9/2018 9:12,,,,e675af1b9a7a4b1791c020edb557eb3d,,1,اخر البلد,,,,,,,اربد,,,Omar Ghawanmeh,,زويا,hospital,مدرسة زوبيا الاساسية للبنين,
35.76813158,32.60354119,7426254785,node,18,,,,,,,clinic,83830272,,4/20/2020 15:33,,,,f76650f2ac694d86b69f6bef93ed933f,,1,,,,public,,,,Irbid,,,Qusay ALhawary,,,dentist;doctor;pharmacy, community health center,
35.77015045,32.43411074,5606667156,node,21,,,,,,,hospital,58812823,,5/9/2018 9:12,,,,5a20b81b44aa4815adbb44e0e274cb35,,1,تحت المقبرة القديمة,,,,,,,اربد,,,Omar Ghawanmeh,,زوبيا,hospital,مدرسة زوبيا الثانوية للبنات,
35.7709676,32.43263519,5606667147,node,25,مركز,,,,,,hospital,58812823,,5/9/2018 9:12,,,,2eda0de8232948d2804413f0a70b008a,,1,الشارع الئيسي _بجانب بلدية زوبيا,,,,,,,اربد,,,Omar Ghawanmeh,,زوبيا,hospital,مركز صحي زوبيا,
35.77124755,32.43244307,5606667150,node,25,حكومي,,,,,,hospital,58812823,,5/9/2018 9:12,,,,eebc41eff6574e079800fbca07f22d50,,1,الشارع الرئيسي,,,,,,,اربد,,,Omar Ghawanmeh,,زوبيا,hospital,بلدية زوبيا,
35.77259369,32.43076519,5606667155,node,25,خاص,,,,,,hospital,58812823,,5/9/2018 9:12,,,,dc231e3976184c89b6178983ebd6968f,,1,قرب من المسجد الكبير,,,,,,,اربد,,,Omar Ghawanmeh,,اربد,hospital,منزل عبدالله مصطفى غوانمه,
35.77281547,32.43092905,5606667154,node,25,خاص,,,,,,hospital,58812823,,5/9/2018 9:12,,,,9fcf485e084c48b592bb5037f00e6aba,,1,الشارع الرئيسي بقرب من مسجد زوبيا الكبير,,,,,,,اربد,,,Omar Ghawanmeh,,زوبيا,hospital,منزل محمد مصطفى غوانمه,
35.77301245,32.43110859,5606667148,node,25,خاص,,,,,,hospital,58812823,,5/9/2018 9:12,,,,0f748b04404747f8b4df26dd84c677b4,,1,الشارع الرئيسي بقرب من مسجد زوبيا الكبير,,,,,,,اربد,,,Omar Ghawanmeh,,زوبيا,hospital,منزل مصطفى غوانمه,
35.78039623,32.5628266,7468749889,node,12,,,,,,,hospital,84445804,,5/1/2020 1:14,,,,bc51a6475a474e698d31e573d51cd822,,1,,,,,,,,,,,Hebaanagreh97,,,hospital,مركز صحي زحر,
35.78048299,32.56254413,7390377610,node,12,,,,,,,hospital,83378889,,4/10/2020 18:45,,,,b23b9433d6624ab0b42cb55999e3d2e0,,1,,,,,,,,,,,Hebaanagreh97,,,hospital,مركز صحي زحر,
35.78322085,32.51901296,5606758859,node,12,,,,,,,hospital,87712896,,7/8/2020 13:08,,,,77117508288d437bb3dbb427006ee615,,2,,,,,,,,,,,Abdullah Qasaimeh,,,hospital,مركز بيت يافا الصحي,
35.78559167,32.42433559,5606667152,node,25,حكومي,,,,,,hospital,58812823,,5/9/2018 9:12,,,,9a45b967390d41baaba9aa47e4eb7abe,,1,الشارع الرئيسي اول البلد,,,,,,,اربد,,,Omar Ghawanmeh,,زوبيا,hospital,مدرسة زوبيا الثانوية للبنين,
35.78740593,32.60474768,7426323385,node,18,,,,,,,clinic,83830693,Mo-Fr 12:00-23:30,4/20/2020 15:42,,,,998d73406b0a4a9d835d44de4eda2f03,,1,,,,,,,,Hawar,,,Qusay ALhawary,,,pharmacy,Pharmacy,
35.78742203,32.60474315,7426290885,node,18,,,,,,,clinic,83830472,,4/20/2020 15:38,,,,e3ce642827ce48b8bf71da11d194d4f6,,1,,,,public,,,,Irbid Hawar,,,Qusay ALhawary,,,pharmacy,pharmacy,
35.78925448,32.51916509,4461931389,node,9,,,,,,,pharmacy,58814943,,5/9/2018 10:14,,,,e6e46b2819e24d64b705635b88eca1ba,,3,,,,,,,,,,,Ola Mansour,,,,صيدلية بيت يافا,
35.80143439,32.54074866,5606794733,node,15,,,,general,,,,58814792,,5/9/2018 10:09,,,,008112116e7042188f1ff2da2c1c02c3,,1,,,,,,,,Kufr Yuba,,,razoon96,,,doctor,مركز صحي,
35.80144898,32.54057893,5606732707,node,18,حكومي,,,شامل,,,hospital,58813809,,5/9/2018 9:41,,,,621c5fbe181b4259a78c906bc2fd1e3d,,1,,,,,,,,,,,Mohammad AL- Shorman,,,hospital,مركز صحي كفريوبا الشامل,
35.80409648,32.48479368,5606740202,node,25,,,,,,,hospital,83398676,Mo-Fr 08:00-14:00,4/11/2020 13:23,,,,7477ad5552ed4d3a9a10f8cb197a4359,,2,,,27032243,public,,,,ديريوسف,,,maha_alomari,,,dentist;doctor;hospital;pharmacy,مركز صحي دير يوسف,
35.80423822,32.48491018,5606771826,node,15,نعم,,,,,,hospital,58814534,,5/9/2018 10:02,,,,559a3cfa2c63483780409be62452000c,,1,,,,,,,,,,,belal alomari,,,hospital,مركز صحي دير يوسف,
35.80619649,31.98815619,2873745153,node,6,,,,,,,pharmacy,22476428,,5/21/2014 22:46,,,,356d62a2041e404b908f5187a7834b1a,,1,,,,,,,,,,,Jamal H,,,,,
35.81276413,31.99483204,3776504391,node,9,,,,,,,pharmacy,34490591,,10/7/2015 13:03,,,,86c3a1b40e49402bad5e04aa3d17f63e,,1,,,,,,,,,,,Jamal H,,,,Pharmacy 1,
35.81386769,31.99254378,2840976597,node,9,,,,,,,pharmacy,22476325,,5/21/2014 22:37,,,,b48597382fba4de0bb7f7c4364a93903,,2,,,,,,,,,,,Jamal H,,,,صيدلية صبّار,
35.81489849,32.35793583,5606629063,node,28,وزارة الصحه,,,general,,,hospital,58812364,,5/9/2018 8:59,yes,,,433cc93ca45b42a4abe429d2cac5d742,,1,عبين عبيلن,,,,,,,عجلون,,,Maisalmomani,,,hospital,مركز صحي عبين,
35.81709665,31.94969172,6478675890,node,9,,,,,,,pharmacy,70328249,,5/16/2019 17:10,,,,d68de46abebb40af98a2e340d4a45036,,1,,,,,,,,,,,AnonJason,,,,Liza Pharmacy,
35.81786376,31.99110134,6456487447,node,12,,,,,,,pharmacy,72715107,,7/27/2019 12:08,,,,b7b97c79b49f44d1a992ccd664a886ff,,2,Khnaifes Al-Dweikat Street,,,,,,,,,,عيادة د عماد خالد الحطبة,,,,Medicine One Pharmacy,
35.81816987,31.99259089,2840976592,node,6,,,,,,,pharmacy,39562771,,5/25/2016 18:16,,,,8341294553e54898b9269a150265261f,,3,,,,,,,,,,,Jamal H,,,,,
35.81922708,32.34401089,5760149816,node,6,,,,,,,hospital,60710265,,7/14/2018 11:38,,,,b0de8524d7a944d6bf0de0d957ff505c,,1,,,,,,,,,,,Sheikh Zubeir,,,,,
35.8335748,32.01554884,6416506837,node,12,,,,,,,clinic,69381418,,4/19/2019 16:26,,,,7030f65034064b49b16b731d65fde557,,1,Khair Al Din Al Ma'ani Street,,,,,,,,,,vorpalblade-kaart,,,,Barakeh Medical Clinics,
35.83439405,31.95376038,6481111056,node,12,,,,,,,pharmacy,70363439,,5/17/2019 15:48,,,,8b5ef3122f4043859049cc5fd755f1ef,,1,Wadi Towa Street,,,,,,,,,,richardninde,,3,,,
35.83495505,31.95119493,6481156599,node,15,,,,,,,pharmacy,70364582,,5/17/2019 16:15,,,,1f80f448dc394a179d4587f9df124bac,,2,Abdullrazzaq Al-Hasan Street,,,,,,,,,,richardninde,,42,,Siwar Al-Asal Pharmacy,
35.83567053,32.56155565,5606787034,node,9,,,,,,,hospital,58814698,,5/9/2018 10:07,,,,28b18fe1cad54a7da6b531d7f3c23660,,1,,,,,,,,,,,saja saja,,,hospital,,
35.83683234,31.90528985,6453261285,node,9,,,,,,,pharmacy,69953932,,5/6/2019 23:05,,,,c5817fffad7d4959a2b5cf5bda2cb036,,1,Um Abhara Street,,,,,,,,,,TheMineralCartographer,,,,,
35.83733676,31.98039589,3882001173,node,12,,,,,,,pharmacy,35809354,,12/7/2015 16:01,,,,8810d10552524b87b25642ecc43b3a65,,1,,,,,,,,amman,,,Bogdan Basic,,,,Farmacity,
35.83755386,31.99623668,6452813106,node,12,,,,,,,pharmacy,69947021,,5/6/2019 18:18,,,,316ce061c8b041e5aba22c6921a5840d,,1,شارع وصفي التل,,,,,,,,,,birdeatscake,,,,Rawhi Pharmacy,
35.83799005,32.06428265,6455523698,node,9,,,,,,,pharmacy,69983668,,5/7/2019 15:11,,,,f32a453d189144d08eb69ca9626e23b3,,1,,,,,,,,,,,chancethewrapper,,,,Almoriat Pharmacy,
35.83964866,31.94688663,6479295679,node,15,,,,,,,pharmacy,70337478,,5/16/2019 22:41,,,,a0f60fe6472b4447a8c9e59810690d76,,1,Jamal Qaitouqah Street,,,,,,,,,,richardninde,,5,,Mhanna Pharmacy,
35.83976265,31.99640558,6452989089,node,12,,,,,,,pharmacy,69949444,,5/6/2019 19:41,,,,7341b01c08e0428a9c0335f0e0e70aa3,,1,شارع وصفي التل,,,,,,,,,,birdeatscake,,,,Medicine One,
35.84052264,31.95397672,3681492783,node,15,,,,,,,pharmacy,70375515,,5/17/2019 22:34,,,,918486a2ee6641f1934de3cdf67e387f,,2,Jamal Qaitouqah Street,,,,,,,,,,richardninde,,58,,"صيدلية دعاء",
35.84121532,31.99202712,6453014829,node,12,,,,,,,pharmacy,69949986,,5/6/2019 20:00,,,,0266bddcff7242dea453ec0420c5e8af,,1,Azmi Al-Mufti Street,,,,,,,,,,birdeatscake,,,,Al Sawamer Pharmacy,
35.84122228,31.90557349,6443320754,node,15,,,,,,,pharmacy,69810177,,5/2/2019 15:49,,,,6ed1ff91617448a49a2cbe9e7a702472,,1,Al-Anbabi Street,,,,,,,,,,richardninde,,18,,Care Well,
35.84140132,32.52690679,7102025386,node,9,,,,,,,pharmacy,79123638,,1/2/2020 17:24,,,,7e55e244010c4767b6761df10377e1db,,1,,,,,,,,,,,SaiF AL-Hariri,,,,الشجرة,
35.8420857,32.02239953,4232912040,node,6,,,,,,,pharmacy,39896758,,6/9/2016 0:11,,,,0dc60cbc73eb4f1eaa82c1ad190d7cc0,,1,,,,,,,,,,,Big_Borz,,,,,
35.84318608,31.9714959,6789065985,node,12,,,,,,,pharmacy,74367034,,9/11/2019 17:55,,,,22d4fdf7c7b04357bc1789590a8e735a,,1,Iyad Abu Hilal Street,,,,,,,,,,Tariq Abdel-Hadi,,,,صيدلية العسل,
35.84328867,31.90408654,6443301686,node,15,,,,,,,pharmacy,74642383,,9/18/2019 19:00,,,,c09f718458f148d394d03cffc2478414,,4,Mifleh Al-Mete'b Al-Elayyan Street,,,,,,,,,,And_12,,25,,صيدلية تلة المرج,
35.84426642,32.54174326,7102024986,node,9,,,,,,,pharmacy,79123638,,1/2/2020 17:23,,,,b0355c3d993340b69ea352b6677a986c,,1,,,,,,,,,,,SaiF AL-Hariri,,,,ابو بكر الرازي,
35.844668,31.90133342,6441321174,node,12,,,,,,,pharmacy,70252203,,5/14/2019 20:40,,,,0eb03a04a6da4055af1df0c0643fff56,,2,Prince Assem Bin Nayef Street,,,,,,,,,,TheMineralCartographer,,,,Mawal,
35.84468409,31.89173463,6446506409,node,12,,,,,,,pharmacy,69859337,,5/3/2019 20:02,,,,2707e683dbf544acbbfd3c6cab0c76b0,,1,Mousa Al-Nahar Street,,,,,,,,,,richardninde,,85,,,
35.84496228,31.96697194,6489510558,node,9,,,,,,,pharmacy,70495149,,5/21/2019 23:09,,,,28662291963a49809899dda2b31cf0e7,,1,Princess Sarvath El-Hassan Street,,,,,,,,,,richardninde,,,,,
35.84539722,31.95776634,2177028754,node,9,,,,,,,hospital,42350748,,9/22/2016 15:19,,,,bb1767bc6f1d4f5bbf9d966e1baa6ddb,,3,,,,,,,,,,,Olga Shcherbenko,,,,مستشفى الجندويل للتوليد,
35.84602234,31.89093927,6453177982,node,12,,,,,,,pharmacy,69953121,,5/6/2019 22:07,,,,631de3dad2c94d2f9362498e41f80f8c,,1,Princess Taghreed Moh'd Street,,,,,,,,,,peacewaya,,,,Pioneers Pharmacy,
35.84723797,31.98057669,6426665979,node,9,,,,,,,dentist,69540076,,4/24/2019 20:06,,,,6f17a5e09ea5478f8d12f71a35c45c41,,1,Princess Zein Bint Al-Hussein Street,,,,,,,,,,birdeatscake,,,,,
35.84738013,31.98133257,6426665969,node,9,,,,,,,clinic,69540076,,4/24/2019 20:06,,,,47e64e073b4a4e5cac25cb903ed4e6f7,,1,Amer Bin Maalek Street,,,,,,,,,,birdeatscake,,,,,
35.84738817,31.98137406,6426665968,node,9,,,,,,,dentist,69540076,,4/24/2019 20:06,,,,aa42c464005f4406bbd146094128b5ec,,1,Amer Bin Maalek Street,,,,,,,,,,birdeatscake,,,,,
35.84742363,31.98059487,6426665978,node,9,,,,,,,pharmacy,69540076,,4/24/2019 20:06,,,,f9d91d31538041668c207d08afc7cfca,,1,Princess Zein Bint Al-Hussein Street,,,,,,,,,,birdeatscake,,,,,
35.84749278,31.94654985,6481374976,node,15,,,,,,,pharmacy,70369231,,5/17/2019 18:26,,,,ea3d32fa18ee4dd8bcbaadbd599887ae,,1,Mikhled Al-Rawashdeh Street,,,,,,,,,,TheMineralCartographer,,3,,FruCtose,
35.84837146,32.02029509,6424153497,node,12,,,,,,,pharmacy,69502350,,4/23/2019 19:35,,,,a95b4ecfe95b4dccba83d664bae2256c,,1,Awni Bilal Street,,,,,,,,,,peacewaya,,,,Hiam Pharmacy,
35.84840607,31.97992365,6428436382,node,9,,,,,,,dentist,69569274,,4/25/2019 15:14,,,,a5f52ea3e2f34c5fa283a5003ebed81c,,1,Princess Zein Bint Al-Hussein Street,,,,,,,,,,birdeatscake,,,,,
35.84863532,31.97978267,6428436377,node,9,,,,,,,pharmacy,69569274,,4/25/2019 15:14,,,,f5ba6511bf2245f1ba6430ec69695331,,1,Princess Zein Bint Al-Hussein Street,,,,,,,,,,birdeatscake,,,,,
35.84871989,32.01743384,6412802507,node,12,,,,,,,pharmacy,69325183,,4/17/2019 22:09,,,,23b0da545b3849c19bf2f273c2e8efa3,,1,Rifa'Ah Al Ansari Street,,,,,,,,,,peacewaya,,,,Freesia Pharmacy,
35.84936563,31.90294333,6443190445,node,15,,,,,,,pharmacy,69859726,,5/3/2019 20:19,,,,0794ecd2c6b74ee8ba060952b8b17e5c,,3,Prince Nayef Bin Asem Street,,,,,,,,,,richardninde,,20,,Hashem Pharmacy,
35.85005798,31.91923054,6770245085,node,12,,,,,,,pharmacy,74053614,,9/3/2019 18:05,,,,6b4965bacd5f4b74a53fc64caa2824eb,,1,Ahmad halkoz,,,,,,,,,,جعفر الخياط,,,,منزل الصيدلي يوسف الدبعي ابو طارق,
35.85069006,31.95894995,6489446082,node,9,,,,,,,pharmacy,70493842,,5/21/2019 21:43,,,,683e68c0d58c47b99c8ad9ab0856ecff,,1,Abdulrahman Khaleefah Street,,,,,,,,,,richardninde,,,,,
35.85083473,31.97565592,6493140503,node,12,,,,,,,pharmacy,70531416,,5/22/2019 22:25,,,,dc855b75d7104aa0a19adfde1d33a6e8,,1,شارع مكة,,,,,,,,,,TheMineralCartographer,,205,,,
35.8508893,32.54171845,7284410808,node,12,,,,,,,dentist,82048186,,3/11/2020 9:08,,,,f4fbc6f36b304a459886704eb54114dc,,1,,,,,,,,,,,Baraa'h ALkhalde,,,dentist,عيادة الدكتور احمد مهيدات,
35.85089164,32.54169456,7284410806,node,9,,,,,,,pharmacy,82048186,,3/11/2020 9:08,,,,f92b6b1b4f6a4d7cb3322317d569c3c4,,1,,,,,,,,,,,Baraa'h ALkhalde,,,,زمزم,
35.85094336,32.54139407,7284410805,node,12,شارع الجامعه,,,,,,pharmacy,82048186,,3/11/2020 9:08,,,,0347256a3eb8415dbe3f120059a18dbb,,1,,,,,,,,,,,Baraa'h ALkhalde,,,,صيدلية عدنان,
35.85120705,32.54042512,4345739492,node,9,,,,,,,dentist,82102112,,3/12/2020 8:51,,,,2bf3ce405ae64975bf02f8f9161b8646,,2,,,,,,,,,,,Ghida'a Mahasees,,,,Dr. Read,
35.85121703,31.97919166,6429352160,node,9,,,,,,,pharmacy,69582028,,4/25/2019 22:25,,,,d0c723d55b154e238b809fdbf96ae8eb,,1,Princess Zein Bint Al-Hussein Street,,,,,,,,,,birdeatscake,,,,,
35.85148986,32.53927177,7287554671,node,12,,,,,,,clinic,82102634,,3/12/2020 8:59,,,,c4b3504d323c440882fedbcf69d1da4c,,3,,,,,,,,,,,Ghida'a Mahasees,,,clinic,"اطباء بلا حدود",
35.85183595,32.53823107,7281792536,node,9,,,,,,,pharmacy,81997819,,3/10/2020 8:14,,,,73a4a8ed26c14f8e86ab6d0f55953d1f,,1,,,,,,,,,,,Ghida'a Mahasees,,,,plus,
35.85215044,32.53642276,7282139380,node,15,,,yes,,,,pharmacy,85550002,,5/21/2020 11:00,,,,9e5b292f25bf487ba8eaf9c4d55a4dd6,,5,,,,,,,,,,,farah_alzoubi,,,pharmacy,صيدلية الرازي,
35.85275368,32.54162248,7281820688,node,9,,,,,,,pharmacy,81997933,,3/10/2020 8:17,,,,546f291eb8a445849a31976a801716b7,,1,,,,,,,,,,,Rashad ALRABAIAA,,,,ركان,
35.85279668,32.53123126,7282321895,node,9,,,,,,,pharmacy,82008114,,3/10/2020 12:38,,,,68a9baa0dbe1472e936bbd4dfa3a7089,,1,,,,,,,,,,,dina_frihat,,,,دواكم,
35.8528738,32.53031437,7282321890,node,9,,,,,,,pharmacy,82008114,,3/10/2020 12:38,,,,cc144741c32f492ea7a4569c7766e2a6,,1,,,,,,,,,,,dina_frihat,,,,لوسي,
35.85341912,31.96225946,6489373748,node,15,,,,,,,pharmacy,70561640,,5/23/2019 18:10,,,,a8e2798779fe4e3982a161b88f869fd5,,2,Ibrahim Al-Qattan Street,,,,,,,,,,TheMineralCartographer,,21,,Pansee Pharmacy,
35.85353303,32.52389299,7327174585,node,15,,,,,,,clinic,82594799,24/7,3/25/2020 2:45,,,,2dd4255d7cd2478790a052c965f1ed6a,,1,,,,,,,,,,,rnjawarneh,,,pharmacy,Mecca Pharmacy,
35.85357804,31.90440128,6473605132,node,12,,,,,,,pharmacy,70248559,,5/14/2019 18:24,,,,c07ee6e700664f38bab6874a26aba107,,1,Gourge Mabda Khoury Street,,,,,,,,,,TheMineralCartographer,,,,N Kawar,
35.8543382,32.53214414,7287951198,node,9,,,,,,,pharmacy,82105208,,3/12/2020 9:52,,,,a6fa2c029e3949bd9adf51279489f75d,,1,,,,,,,,,,,rawan bani nasr,,,,صيدليه الرازي,
35.8548878,32.54206253,7282161835,node,9,,,,,,,pharmacy,82006036,,3/10/2020 11:39,,,,c2dab9a7cc204f3ba6901d40988d5a4c,,1,,,,,,,,,,,siham al soudi,,,,الصيدلية الكبرى,
35.85494463,31.98886563,6445785985,node,12,,,,,,,pharmacy,69849033,,5/3/2019 15:35,,,,8ea05e9e8c134c0aa399350f74546c72,,1,Princess Rahmah Bint Al-Hassan Street,,,,,,,,,,birdeatscake,,,,Melia Pharmacy,
35.85547219,31.90032608,6537118085,node,9,,,,,,,doctors,71103227,,6/10/2019 13:37,,,,539bdb0647534cb898b824d79cdfb60a,,1,,,,,,,,,,,Abdallah Kamel,,,,دكتوره تمارا الحايك,
35.85577544,32.53634875,7379249985,node,21,,emergency_department;laboratory,,,,,clinic,83240257,Mo-Fr 08:00-15:00,4/8/2020 8:27,,,,bc1aff28801140f69edd432d6e5f507c,,1,,,,public,,,,,,,rnjawarneh,,,clinic,Yarmouk University health center,
35.85592179,32.53283246,7281962324,node,15,,,yes,,,,pharmacy,82102361,,3/12/2020 8:55,,,,a3fdf6404685482c809ee8fd511e2027,,2,,,,,,,,,,,walaa mousa,,,pharmacy,صيدلية السواعي,
35.85603327,32.02519356,1927937405,node,9,,,,,,,pharmacy,13213010,,9/22/2012 21:11,,,,4b301b39bb56440d8dcd443100343682,,1,,,,,,,,,,,meeeee,,,,Pharmacy One (Jubaiha),
35.85606244,31.8876529,6438753306,node,9,,,,,,,pharmacy,69736120,,4/30/2019 14:04,,,,a98c5180a7a64f0695469ae9af614932,,2,Princess Taghreed Moh'd Street,,,,,,,,,,Kaarti_B,,,,,
35.85676182,31.95629364,6765636414,node,15,,,,,,,dentist,73988171,Mo-Su 09:00-20:00,9/2/2019 6:44,,,,0ad111a1c94b4b4db71d5cb5c94cc21e,,1,,,,,,,,,,,TheHoneyBadger,,,dentist,Lubna Obeidat Dentist,
35.85681606,31.95417889,1654277910,node,9,,,,,,,pharmacy,70731986,,5/29/2019 12:36,,,,ecc4c1aacc094e5882dc58ecdfdcd5b7,,2,,,,,,,,,,,PelleB,,,pharmacy,,
35.85754964,32.26395592,4795820944,node,18,وزارة الصحة,,,ophthalmology,,,hospital,58812159,,5/9/2018 8:52,,,,1a08feebf2c84cadb54d29869e08fd0a,,2,,,,,,,,,,,1996saleema,,,hospital,مركز صحي مخيم جرش,
35.85755643,32.52411008,7390801285,node,25,,,,,,,clinic,83382562,24/7,4/10/2020 21:07,,,,804d7f1cad794f79ad673f549e0fc3c8,,1,,,07 7218 2373,private,,,,Irbid,,,rnjawarneh,,,clinic;dentist;doctor,Al-Asad Medical Complex,"#Youthmappers, #MappingCOVID19"
35.85806689,31.88871874,6437162223,node,12,,,,,,,pharmacy,70030500,,5/8/2019 14:09,,,,e7173a2be6ef487b93c1ee6054f44611,,2,Sa'eed Moh'd Al-Abbadi Street,,,,,,,,,,mama_bear,,94,,,
35.85814023,31.89893234,3862426338,node,18,,,,,,,hospital,69821963,,5/2/2019 22:23,yes,,,f7fe12ea3a36485b83760fff7a0dfe88,,3,,,,,,,,Amman,,,richardninde,,9,,Emergency Medical Services,
35.85831047,31.95833288,1654302858,node,12,,,,,,,pharmacy,70731986,,5/29/2019 12:36,,,,4ab35b76f1d349a69b21453bfe461a49,,2,,,,,,,,,,,PelleB,,,pharmacy,Pharmacy 1,
35.85834768,31.98111296,6438996349,node,9,,,,,,,pharmacy,69738770,,4/30/2019 15:14,,,,f5d96c1f3a104e5dba78f7a996b8ccdc,,1,Princess Zeinab Bent Al-Hussein Street,,,,,,,,,,birdeatscake,,,,,
35.85842882,31.89883452,3862426339,node,12,,,,,,,pharmacy,35608003,,11/27/2015 10:00,,,,64a18cfee4794df5a74a76ac9f6f276f,,1,,,,,,,,Amman,,,Notwerk,,,,Pharmacy One,
35.85910448,31.89005716,6439010653,node,9,,,,,,,pharmacy,78722593,,12/21/2019 22:13,,,,e35906769437487c981887b8f5ea792a,,3,Sa'eed Moh'd Al-Abbadi Street,,,,,,,,,,wilco83,,,,,
35.8591443,31.97626344,6436747954,node,12,,,,,,,pharmacy,70532497,,5/22/2019 22:35,,,,6051c0aa877447a887a9087eaa6cf5ea,,2,شارع مكة,,,,,,,,,,richardninde,,,,Leen Pharma,
35.85928042,31.99439417,6452135268,node,12,,,,,,,pharmacy,76867550,,11/10/2019 12:59,,,,c95404720aa342b28b714a42d44bdaa9,,3,,,,,,,,,,,SerV,,,pharmacy,Drug Center,
35.85933943,31.88777586,6439647247,node,9,,,,,,,pharmacy,69749664,,4/30/2019 19:53,,,,a97775c25eda4c14ada3a66545ec2ea1,,1,Princess Saleha Bint Assem Street,,,,,,,,,,Kaarti_B,,,,,
35.86001166,32.57036603,5606628597,node,28,حكومي,,,physiotherapy;physiatry,,,hospital,58812367,,5/9/2018 8:59,yes,,,a345797f43b648dd9383c17cb4b6bdb6,,1,القدس,,,,,,,إربد‎,,,hashemawad,,,hospital,مركز صحي حنينا,
35.86001719,32.57035966,5606628584,node,25,,,,general,,,hospital,58812361,,5/9/2018 8:58,no,,,1d3ea8d98ccf46b596c06b58cce1e9cf,,1,حبيب بن زيد,,,,,,,اربد,,,bilaljamra,,,hospital,مركز صحي حنينا,
35.86013705,30.98676376,4228221592,node,9,,,,,,,hospital,39838268,,6/6/2016 13:10,,,,52b1f606f7534765928857a2183c120e,,1,,,,,,,,,,,Abo shgr,,,,مركز صحي محي الاولي,
35.86173003,32.53519674,7282061851,node,9,,,,,,,pharmacy,82004174,,3/10/2020 10:43,,,,9bb0c55fc1e446cca4d3a40165b44e8a,,1,,,,,,,,,,,Ola Mansour,,,,صيدلية اربيلا,
35.86212532,31.94597552,4413152890,node,15,,,,,,,pharmacy,42347319,,9/22/2016 13:06,,,,b8f30995b70c44acbee9c95363c285fd,,1,شارع الملكة زين الشرف,,,,,,,,,,Motaz Hamarsheh,,104,,صيدلية امتتال,
35.86236094,31.99347794,6452135276,node,12,,,,,,,pharmacy,76867550,,11/10/2019 12:59,,,,53a4a981ddef4917ad1d60518572205e,,3,,,,,,,,,,,SerV,,,pharmacy,Pharmore,
35.86259898,32.53358993,7327173386,node,28,private,emergency_department;imaging_equipment;intensive_care_unit;laboratory;operating_theater;ultrasound;x_ray,,,,,hospital,82594893,24/7,3/25/2020 2:49,,,,8a5d03a8da774b2dbe58e86390dbc6a5,,1,,,07 9565 6952,private;public,,,,,,,rnjawarneh,,,birthing_center;clinic;hospital;laboratory;pharmacy,Irbid Specialty Hospital,
35.86262656,32.53453013,7282077301,node,12,,,,,,,hospital,82101881,,3/12/2020 8:47,,,,2971d8056d464ae698e6da004fb331d9,,3,,,,,,,,,,,Rashad ALRABAIAA,,,hospital,"الحذاء الإيطالي",
35.86306166,31.98566878,6439708670,node,9,,,,,,,pharmacy,69750862,,4/30/2019 20:39,,,,75b2163c9f31407cabfdc3f40fd1a7f1,,1,Al-Hatemiyah Street,,,,,,,,,,birdeatscake,,,,,
35.86398837,32.52265817,7327173385,node,15,,,,,,,clinic,83239853,Mo-Th 10:00-23:55; Sa-Su 10:00-23:55,4/8/2020 8:21,,,,e5f6ede7d13244c7b5ed078a4e5c4631,,2,,,,,,,,,,,rnjawarneh,,,dentist,Khaledi Dentist,
35.86399608,32.0262874,6498549702,node,12,,,,,,,pharmacy,70597696,,5/24/2019 19:48,,,,5df8e32da8964f0a8eeb771104c0ad45,,1,شارع عبدالله علي اللوزي,,,,,,,,,,richardninde,,66,,,
35.86419934,32.02056482,6717380385,node,12,,,,,,,doctors,76867550,,11/10/2019 12:59,,,,116b85ef28e74833b0c3326072f541a6,,2,,,,,,,,,,,SerV,,,doctor,Munther,
35.86466093,31.89600773,6438662318,node,6,,,,,,,pharmacy,69734233,,4/30/2019 13:18,,,,db73008cc45347fa99bd6ce5bb42bed8,,1,,,,,,,,,,,Kaarti_B,,,,,
35.86495128,31.9801814,6439799561,node,12,,,,,,,dentist,69999370,,5/7/2019 21:11,,,,9baee4ceb3914acdab7c323ad654704a,,2,Al-Madina Al-Munawwara Street,,,,,,,,,,richardninde,,,,Zayed Cosmetic Dentist,
35.8653164,31.98257426,6456465233,node,15,,,,,,,pharmacy,70560744,,5/23/2019 17:45,,,,70586d35e99c437fb9f5fbf98d734502,,3,Al-Madina Al-Munawwara Street,,,,,,,,,,richardninde,,156,,Pharmacy One,
35.86628803,31.94314453,2466404661,node,12,,,,,,,pharmacy,29212402,,3/3/2015 1:02,,,,8ddde7f10bf548caabd0c111c45c58d9,,4,Al Hashimiyyeen,,,,,,,,,,Jamal H,,,,صيدلية جونية,
35.86744364,32.53621037,6369003485,node,9,,,,,,,hospital,68644573,,3/28/2019 21:36,,,,e90f21d7e03b48589b8ed32870c2dba0,,1,,,,,,,,,,,Anas Rousan,,,,مستشفى ابن النفيس,
35.86759443,31.96374205,4406046389,node,9,,,,,,,pharmacy,42233752,,9/17/2016 19:32,,,,2cd7ffef72d74070b4bf0e8333282d05,,1,,,,,,,,,,,Saad Bataineh,,,,صيدليه زيد,
35.86981027,32.0333002,5202975222,node,9,,,,,,,pharmacy,53406965,,10/31/2017 20:10,,,,b408d55c50a141fe81733e7f1e8163c0,,1,,,,,,,,,,,Obaid al ali,,,,صدلية دواكم,
35.86986199,31.96546546,4406061291,node,12,,,,,,,pharmacy,43168687,,10/25/2016 17:59,,,,52a7f7d63bde49cd898ecfb1cfc9221f,,2,Al Dammam Street,,,,,,,,,,Saad Bataineh,,,,صيدلية البواسل,
35.87080269,31.97880718,6455931482,node,12,,,,,,,pharmacy,69990760,,5/7/2019 17:21,,,,3e8ed4837d944a17b5844bfe3c56a557,,2,شارع عمر بن عبد العزيز,,,,,,,,,,richardninde,,,,Jounia of Jordan Pharmacy,
35.87087762,31.90759185,6475947966,node,9,,,,,,,pharmacy,70285067,,5/15/2019 16:58,,,,84813bb996f44f4589a1d46d935804a2,,1,Kuwayber Al-Utaybi Street,,,,,,,,,,TheMineralCartographer,,,,,
35.87091073,31.95670712,2872654986,node,9,,,,,,,pharmacy,22515190,,5/24/2014 0:51,,,,0b36747644a74cfd9ad5ecdd04e21325,,2,,,,,,,,,,,Jamal H,,,,صيدلية دروزة,
35.87112656,31.96335129,7139461615,node,9,,,,,,,pharmacy,84540818,,5/2/2020 23:31,,,,f6260861dff74cf9bb920ff10c3dc888,,2,,,,,,,,,,,S-M-R,,,,فارمسي ون,
35.87209057,31.99724519,6498230628,node,18,,,,,,,pharmacy,76867550,,11/10/2019 12:59,,,,ec3770a4578643379c72bc7bf2ad55c5,,2,Al-Madina Al-Munawwara Street,,,,,,,,,,SerV,,258,pharmacy,Pharmore,
35.87213893,32.02633676,6497751858,node,12,,,,,,,pharmacy,70586174,,5/24/2019 13:09,,,,25acb35257f744ddb3dc378ac504325b,,1,Ibrahim Al Yousef Al Lawzi street,,,,,,,,,,Kaarti_B,,,,Bab Al Hadid Pharmacy,
35.87223884,31.99263179,6460116274,node,12,,,,,,,pharmacy,76867550,,11/10/2019 12:59,,,,d3eb3c76387b4dc2b36b9ec1b7abe260,,2,Mustafa Majed Al Adwn Street,,,,,,,,,,SerV,,,pharmacy,,
35.87237815,31.99754417,1923534186,node,12,,,,,,,hospital,76867550,,11/10/2019 12:59,,,,feaafe926c1b49f7bac3156edb92dc30,,4,,,,,,,,,,,SerV,,,hospital,مستشفى العيون التخصصي أمي,
35.87242928,31.94729869,6491359762,node,12,,,,,,,pharmacy,70519359,,5/22/2019 15:18,,,,9128e098bb7a46bda34f047c4584959f,,1,Ali Seedo Al-Kurdi Street,,,,,,,,,,Gr8fulDead,,,,Pharmacy One,
35.87293605,31.99792622,1923533386,node,9,,,,,,,hospital,76867550,,11/10/2019 12:59,,,,c0cef9306c86419aac72d1ef920101ab,,2,,,,,,,,,,,SerV,,,hospital,,
35.87343108,32.04878493,5099434655,node,9,,,,,,,pharmacy,69502333,,4/23/2019 19:38,,,,40028537730c4d25a38d1483b9584b3e,,2,,,,,,,,,,,chancethewrapper,,,,Hayat Amman Pharmacy,
35.87382445,32.00523365,4864275521,node,12,,,,,,,hospital,76867550,,11/10/2019 12:59,,,,3bbecf8c0f2341d0a8cf8e0bab9ba7a3,,2,,,,,,,,,,,SerV,,,hospital,الحسين لسر طان,
35.87423575,31.99708409,6459261656,node,15,,,,,,,pharmacy,76867550,,11/10/2019 12:59,,,,06f0a9ec86274981bfa487cefb4df1d1,,2,Al-Jhair Street,,,,,,,,,,SerV,,9,pharmacy,,
35.87496648,32.00463023,1858598060,node,12,,,,,,,hospital,76867550,,11/10/2019 12:59,,,,10859bd05bdd407598880770390fd5c2,,3,,,,,,,,,,,SerV,,,hospital,Jordan University Hospital,
35.87590626,31.98213874,6456311429,node,15,,,,,,,clinic,70123288,,5/10/2019 20:03,,,,843a1f0d4ad740f8bb90a567aea6c722,,2,Faysal Farhan Al Jarba Street,,,,,,,,,,spuddy93,,18,,We Care Clinic,
35.87613877,32.00422975,6470377116,node,15,,,,,,,hospital,76867550,,11/10/2019 12:59,,,,8c10d1d8d3544776a1e1026127e70d8e,,2,شارع عاكف الفايز,,,,,,,,,,SerV,,,hospital,King Hussein Cancer Center,
35.87753218,31.96018796,5296303421,node,9,,,,,,,clinic,65672493,,12/21/2018 15:46,,,,69d327f85aa0494bbeabcc13516b6c22,,2,,,,,,,,,,,HaninAlkhamis,,,,مختبر بيولاب الطبي,
35.87840046,31.98576919,4304602996,node,15,,,,,,,hospital,76867550,,11/10/2019 12:59,,,,c0e48b4b49b74bba8504c608206d2a81,,2,شارع وصفي التل,,,,,,,,,,SerV,,,hospital,Gardens,
35.88011372,32.00533859,6462868292,node,12,,,,,,,dentist,76867550,,11/10/2019 12:59,,,,3fed25b9631942cd8e46a20d0aa6bb87,,2,شارع الوفاق,,,,,,,,,,SerV,,,dentist,,
35.88154175,31.98528095,6459323488,node,15,,,,,,,pharmacy,76867550,,11/10/2019 12:59,,,,a6a963f08124407c9e47eacc21bd8360,,2,شارع الشهيد وصفي التل,,,,,,,,,,SerV,,,pharmacy,Pharmore,
35.88175934,32.02816729,6493218884,node,9,,,,,,,pharmacy,70533243,,5/22/2019 23:36,,,,34db4013d7c44809a8625efa8e169805,,1,"شارع الشيماء السعدية",,,,,,,,,,spuddy93,,,,,
35.88202388,32.05270506,1927951368,node,9,,,,,,,hospital,13213010,,9/22/2012 21:22,,,,429542e572494b419c506034c49d54c5,,2,,,,,,,,,,,meeeee,,,,Abu Nuseir Health Center,
35.88270432,32.35756108,5606755367,node,12,,,,,,,hospital,58814214,,5/9/2018 9:52,,,,a1ec165780c0461098b91d9d07f4f798,,1,,,,,,,,,,,Mohammed Mahayana,,,hospital,مركز كفرخا الصحي,
35.88331762,32.5914342,5606766134,node,18,طبي,,,general,,,hospital,58814448,,5/9/2018 9:59,,,,3eece12cbd2a45c9b8f8983aa4921fb6,,1,,,,,,,,,,,mahmoud taweel,,,hospital,مركز حكما,
35.88337202,32.00276945,6462579570,node,12,,,,,,,pharmacy,76867550,,11/10/2019 12:59,,,,04d68404ea6840e294edd72d3e7e40ba,,2,شارع الربيع الحارثي,,,,,,,,,,SerV,,,pharmacy,,
35.88421926,31.95491557,652570146,node,9,,,,,,,pharmacy,70252578,,5/14/2019 20:55,,,,715d2822e6c04767ad6fc9cb58d5122d,,5,,,,,,,,,,,spuddy93,,,,Pharmacy One,
35.88451598,31.98801319,6462533214,node,9,,,,,,,pharmacy,70082367,,5/9/2019 17:06,,,,25b06878e9b34d419128f438bf7999d7,,1,Moh'd Mifleh Al-Qdhah Street,,,,,,,,,,richardninde,,,,,
35.88511202,32.0050065,6465071960,node,15,,,,,,,pharmacy,76867550,,11/10/2019 12:59,,,,f365dd4fce5e443ead26a43496d53c4e,,2,شارع خيرو ديرانية,,,,,,,,,,SerV,,,pharmacy,Curve Pharmacy,
35.88549734,32.00336255,4970460422,node,12,,,,,,,pharmacy,76867550,,11/10/2019 12:59,,,,5a8c0e096f404dada16236900bce0af1,,2,,,,,,,,,,,SerV,,,pharmacy,المهند,
35.88608893,32.02183895,6551590287,node,6,,,,,,,pharmacy,71308681,,6/16/2019 19:42,,,,fae001268be149d780ce206f462e6876,,1,,,,,,,,,,,yazeed musallam,,,,,
35.88616965,31.96563293,1076050960,node,12,,,,,,,hospital,85669853,,5/24/2020 2:33,yes,,,8a2dad82d6be47b6a9c20b1494f8cc55,,4,,,,,,,,,,,S-M-R,,,,Al Istishari Hospital,
35.88650685,31.97418523,4827162922,node,12,,,,,,,pharmacy,70124783,,5/10/2019 21:10,,,,b682c8ade56f4985bb1b70d08466373b,,3,,,,,,,,,no,,spuddy93,,,,Pharmacy 1,
35.88673484,31.96607784,6470225416,node,15,,,,,,,hospital,71081843,,6/9/2019 21:40,,,,2e64deaf84594ac1b126c0f0f7dc9f26,,3,شارع الكندي,,,,,,,,,,TorCguy,,,hospital,Istishari Hospital,
35.88708487,31.99845227,6465209958,node,15,,,,,,,pharmacy,70117366,,5/10/2019 16:52,,,,1c24aae400c0473e9efaa902ecf1f8e0,,1,شارع الوفاق,,,,,,,,,,richardninde,,38,,Yara Pharmacy,
35.88709065,31.89752703,6644063389,node,15,,,yes,,,,pharmacy,72607736,,7/24/2019 15:06,,,,935a8200b1824170b94ded123c22bfef,,1,,,,,,,,,,,hazan59,,,pharmacy,صيدلية ابو زهرة,
35.88775056,31.90496119,7549977158,node,9,,,,,,,pharmacy,85632348,,5/22/2020 21:49,,,,4f2a2d44acde468cb89b1f0e3eaa5268,,1,,,,,,,,,,,S-M-R,,,,صيدلية القوة,
35.88896669,31.98414419,4010295712,node,15,,,,,,,pharmacy,76867550,,11/10/2019 12:59,,,,f7019087bc214eaeae270d7b2ccbefbc,,3,شارع الشهيد وصفي التل,,,,,,,Amman,,,SerV,,,pharmacy,,
35.88897105,32.02340209,6551590286,node,6,,,,,,,pharmacy,71308681,,6/16/2019 19:42,,,,684d825f17614bcf8f983e154fd1cd49,,1,,,,,,,,,,,yazeed musallam,,,,,
35.8890516,31.96669164,6462180194,node,9,,,,,,,doctors,70455522,,5/20/2019 20:38,,,,a7aacddbf182489c958ae9e1a974d5ba,,2,,,,,,,,,,,spuddy93,,,,JAD Clinic,
35.88932803,31.9025374,7549991208,node,9,,,,,,,pharmacy,85632348,,5/22/2020 21:49,,,,1dca7c6d47514210b08cdd4842fe1592,,1,,,,,,,,,,,S-M-R,,,,صيدلية الرنتيسي,
35.88965618,31.96224228,5175028876,node,12,,,,,,,pharmacy,70252578,,5/14/2019 20:55,,,,ee5ede92d89b4bf982f3cbbb74a06cc4,,2,,,,,,,,,,,spuddy93,,,pharmacy,Pharmacy 1,
35.89001283,31.98258264,7138759889,node,9,,,,,,,clinic,79690484,,1/17/2020 10:04,,,,4b5104c67db644d6a76cccf3507c97dc,,1,,,,,,,,,,,Ali 197312,,,,مركز فحص الوافدين,
35.89038667,31.97966373,6465293492,node,12,,,,,,,pharmacy,76867550,,11/10/2019 12:59,,,,951628a11a1a4806bf6adada3e6a1476,,2,شارع الشريف ناصر بن جميل,,,,,,,,,,SerV,,,pharmacy,,
35.89139954,31.91746674,2847166354,node,9,,,,,,,dentist,39061927,,5/3/2016 9:15,,,,0d60cbb8dade408e9ea0b2eca2cbb0a7,,3,,,,,,,,,,,Jamal H,,,,عيادة طب اسنان د. نتشة,
35.89177178,31.96596535,1076029135,node,9,,,,,,,pharmacy,56147022,,2/7/2018 12:15,,,,9d1dbedff0414c6885f56b67874b48ac,,5,,,,,,,,,,,marc__marc,,,,صيدلية أمون,
35.89306376,32.05874414,7012856785,node,9,,,,,,,pharmacy,77602453,,11/27/2019 2:21,,,,4f7f60054ef940769cf9a41c90793438,,1,,,,,,,,,,,عماره سكنيه,,,,صيدليه,
35.89307609,32.05875612,7017556585,node,9,,,,,,,pharmacy,77739630,,11/29/2019 17:42,,,,eb49cdf7319d4f199a29b2507a4aeda0,,2,,,,,,,,,,,عماره سكنيه,,,,صيدليه وجدان,
35.8930869,32.05877532,7017907585,node,9,,,,,,,pharmacy,77696345,,11/28/2019 19:04,,,,e2c574ef70c74c238a79c702a7ee4cf5,,1,,,,,,,,,,,عماره سكنيه,,,,صيدلية وجدان,
35.89309117,32.05879275,7072527985,node,9,,,,,,,pharmacy,78692788,,12/20/2019 17:04,,,,60100d29bbff4d0abdf024b920f460a3,,1,,,,,,,,,,,عماره سكنيه,,,,صيدلية وجدان,
35.89396038,31.97006117,1076073263,node,9,,,,,,,hospital,9074521,,8/20/2011 13:57,,,,a402c828c224451b88f8841c2706ef77,,3,,,,,,,,,,,lyx,,,,مستشفى شميساني,
35.89404822,32.01439943,6495372815,node,12,,,,,,,pharmacy,70555829,,5/23/2019 15:13,,,,c84d4ec460b84d0c9bc9217f0a04374f,,1,"شارع الشيماء السعدية",,,,,,,,,,Kaarti_B,,,,Strawberry Pharmacy,
35.89505539,32.51132776,5606637254,node,28,حكومي,,,,,,hospital,58812480,,5/9/2018 9:02,yes,,,ed5639c44ced4b2780f7ed5af100cbd7,,1,الرئيسي,,,,,,,إربد‎,,,AHMAD____HANI,,الصريح,hospital,مركز صحي الصريح,
35.89519587,31.98148294,4655164590,node,15,,,,,,,dentist,76867550,,11/10/2019 12:59,,,,926f46363e5d4cb5948af7d96126d2cf,,2,Yousef Bin Tashefeen Street,,,,,,,,,,SerV,,,dentist,Arab Dental Center,
35.89540282,31.94738619,4631910691,node,15,,,,,,,hospital,81027868,,2/14/2020 22:20,,,,66ec5e7c1c3b414288b392139d49f27a,,3,,,,,,,,عمان,,,ألبرشت شونكه,,,hospital,مستشفى الحياة,
35.8959603,31.88334887,6643944955,node,15,,,yes,,,,pharmacy,72607235,,7/24/2019 14:54,,,,9291342b7bac4fd3aee1421c5c006d66,,2,,,,,,,,,,,hazan59,,,pharmacy,صيدلية زهرة المرج,
35.896311,31.99450506,6459616216,node,6,,,,,,,pharmacy,70044750,,5/8/2019 19:56,,,,2de9c978d0264a23845666acbc54c5e2,,1,,,,,,,,,,,Kaarti_B,,,,,
35.89636196,31.92249144,6426543145,node,6,,,,,,,pharmacy,69538300,,4/24/2019 19:09,,,,405e88b5adfc4c35b2ca96dd5d5264ed,,1,,,,,,,,,,,Kaarti_B,,,,,
35.89821335,31.98326979,5909877081,node,9,,,,,,,pharmacy,76867550,,11/10/2019 12:59,,,,fed3f91bebd44899a1ddbcc156c8ba31,,2,,,,,,,,,,,SerV,,,pharmacy,,
35.89862088,31.99011244,4540595489,node,18,zakria abu khalaf,,,,,,clinic,44198590,Mo-Su 08:00-16:00,12/6/2016 4:18,,,,9422bee349b84b66ac4dceaa02d2055a,,1,ابو العتاهية,,,,,,,,,,Aws Kayy,,,,زكريا ابو خلف,
35.90119999,31.92764027,6426364739,node,12,,,,,,,pharmacy,69535318,,4/24/2019 17:24,,,,fb82a9f19f0349b597024a18afdc7fba,,1,Al-Shoura Street,,,,,,,,,,Kaarti_B,,26,,,
35.90178002,31.97883769,4334117789,node,12,,,,,,,clinic,61767607,,8/18/2018 11:04,,,,25de6dc6d0c54970888c4c57a1cd45b2,,2,,,,,,,,,,,ZaidAhmed,,,clinic,Dr. Hamadah Saleh Clinic,
35.90311928,31.92145326,4631910891,node,9,,,,,,,hospital,45472639,,1/25/2017 11:47,,,,04d8306fb4984416982a944f32174282,,1,,,,,,,,,,,Amjad Khader,,,,مستشفى الحياة العام هبة الله,
35.90312113,31.97099056,5186522944,node,12,,,,,,,pharmacy,53213787,,10/24/2017 17:02,,,,818ed138b89c499d95e1d58359a12f3d,,1,,,,,,,,,,,Sheikh Zubeir,,,pharmacy,Carnation,
35.90417205,31.95084515,4871732121,node,12,,,,,,,clinic,76867550,,11/10/2019 12:59,,,,b33ad9cb665947d79697150927fbf734,,2,,,,,,,,,,,SerV,,,clinic,الخالدي بلازا,
35.90442535,31.90324617,6412654245,node,12,,,,,,,pharmacy,69322690,,4/17/2019 20:03,,,,5ece4bfb9b3f453d94469937cdf97a02,,1,Luqman Street,,,,,,,,,,richardninde,,120,,,
35.90460388,31.95179407,6166519985,node,12,,,,,,,doctors,76867550,,11/10/2019 12:59,,,,8b0e2309790c4fc99c468f7a5b0227fb,,2,,,,,,,,,,,SerV,,,doctor,د رلى السوس,
35.90460808,31.95180748,6166519986,node,15,,,,,,,doctors,76867550,,11/10/2019 12:59,,,,b6126a9a12f84874af9f784458a02dc0,,2,أبو فراس الحمداني,,,,,,,,,,SerV,,,doctor,عمارة,
35.90470296,31.97654784,6459931879,node,15,,,,,,,pharmacy,76867550,,11/10/2019 12:59,,,,1a00c872100c47c1bde0acfbecdd021f,,2,Queen Alia,,,,,,,,,,SerV,,,pharmacy,Pharma Beaute' Pharmacy,
35.90472827,31.91758467,7477177096,node,15,,,yes,,,,pharmacy,84582696,,5/3/2020 22:04,,,,8fb6b0a667454f9db75a93b5d0cc422f,,1,,,,,,,,,,,S-M-R,,,pharmacy,صيدلية اضاليا,
35.90497646,31.96071979,5760149770,node,9,,,,,,,pharmacy,70037062,,5/8/2019 16:35,,,,f31e7754015b4364901fc4d50f4a5e23,,3,,,,,,,,,,,spuddy93,,,,life line,
35.90520545,31.97531696,4412318790,node,21,,,,,,,pharmacy,76867550,Su-Th 10:00-22:00,11/10/2019 12:59,,,,f64887693110430cb43b418ce479b419,,3,Jaber Bin Hayyan Street,,,,,,,,,,SerV,,17,pharmacy,صيدلية الشاي الاخضر,
35.90546915,31.95172123,6572051785,node,12,,,,,,,hospital,76867550,,11/10/2019 12:59,,,,619667d4c5904c0fb00d9c2ef36e58e8,,2,,,,,,,,,,,SerV,,,hospital,صيدليه البيروني,
35.90565883,32.56780595,5606643597,node,28,خاص,,yes,,,,pharmacy,58812656,24/7,5/9/2018 9:06,,,,6960c169576d463b934101b05b41ee15,,2,الشارع الرئيسي,,,,,,,,,,hamzahababneh,,سال,pharmacy,صيدليه طموح,
35.90570954,31.94958435,7425306186,node,9,,,,,,,doctors,83813899,,4/20/2020 10:08,,,,6f0134da182c44e582fe49e3b7c67ed2,,1,,,,,,,,,,,sajadiq,,,,عيادة الدكتور اياد عيد,
35.90586192,31.95075237,7244904085,node,9,,,,,,,clinic,81503219,,2/26/2020 12:34,,,,ba88803b303c49eeac3a00dcf07d5b16,,1,,,,,,,,,,,Ali 197312,,,,مركز الشريف للعيون,
35.90593786,31.97196386,5929260287,node,9,,,,,,,pharmacy,76867550,,11/10/2019 12:59,,,,be0c71e49f3e46cbbc6147b0a485ea0e,,2,,,,,,,,,,,SerV,,,pharmacy,,
35.90820726,31.95073812,2880091103,node,12,,,,,,,clinic,76867550,,11/10/2019 12:59,,,,92fbe18b54e24b9e98083283fcc256a0,,3,,,,,,,,,,,SerV,,,clinic,Dr. Ghassan Basheer Alami,
35.90836686,31.91798994,6486023452,node,15,,,,,,,pharmacy,70445117,,5/20/2019 15:16,,,,8e4c3f4b3391438992d16def89603200,,1,شارع القدس,,,,,,,,,,TheMineralCartographer,,361,,Pharmacy One,
35.90885435,31.96726363,4230275990,node,12,,,,,,,hospital,85613799,,5/22/2020 13:11,,,,2f5659a7b0bc44108038c0ddde2e57bf,,5,,,,,,,,,,,S-M-R,,,hospital,Islamic Hospital,
35.91064715,31.97273374,3681496664,node,12,,,,,,,pharmacy,76867550,,11/10/2019 12:59,,,,b808423a11dd4471b0542415a74782e1,,2,,,,,,,,,,,SerV,,,pharmacy,Orange Pharmacy,
35.91073298,31.89308077,4357433099,node,9,,,,,,,pharmacy,41555683,,8/19/2016 12:53,,,,6f3a827a6ad149ec8f7732d40647a820,,1,,,,,,,,,,,Ali Almajed,,,,ابو محمود المقابلين,
35.91095636,31.97341686,4200543590,node,12,,,,,,,hospital,85634449,,5/23/2020 0:04,,,,b335fa6c0c00483899e8b11ed19311d5,,4,,,,,,,,,,,S-M-R,,,hospital,Al Amal Hospital,
35.9110142,31.95358537,4145203689,node,15,,,,,,,clinic,76867550,,11/10/2019 12:59,,,,fe0941ec9fba46919263a371e9bd14db,,3,شارع الكلية العلمية الإسلامية,,,,,,,,,,SerV,,,clinic,عيادة الدكتور معين فضة,
35.9112758,31.95395233,2466449354,node,15,,,,,,,pharmacy,79650347,,1/16/2020 12:32,,,,73b7b6df3b4d45758523ff3b2492d3e4,,4,,,,,,,,,,,Alan Orth,,2,pharmacy,صيدلية يعقوب,
35.91175809,32.57117665,5606496742,node,31,وزاره الصحه,,,general,,,hospital,58811660,,5/9/2018 8:37,no,,,60b7698be1374bd2a1efadc6e05e2a25,,3,الرئيسي,,,,,,,إربد‎,,,mohammad12345,,سال,hospital,مركز صحي سال,
35.91239092,31.95353474,7136550849,node,9,,,,,,,,79650347,,1/16/2020 12:32,,,,146c5b7dc20e43a287778e92ef14402a,,1,,,,,,,,,,,Alan Orth,,80,laboratory,,
35.91401022,31.97535225,6460148436,node,9,,,,,,,pharmacy,70051458,,5/8/2019 22:50,,,,5e086c4738a24a5aadfd318539df1d93,,1,Nablus Street,,,,,,,,,,spuddy93,,,,,
35.9143248,31.96975498,4731173921,node,9,,,,,,,pharmacy,46795658,,3/12/2017 21:10,,,,9ace326eab054f878b9c1477d26fb4ef,,1,,,,,,,,,,,Ghayyath jazi,,,,صيدلية خالد بن الوليد,
35.91499845,31.9517872,7136571709,node,6,,,,,,,pharmacy,79650347,,1/16/2020 12:32,,,,5245ed929cb24411b68ad355ddce473a,,1,,,,,,,,,,,Alan Orth,,,,,
35.91499996,31.91140117,4209730508,node,12,,,,,,,hospital,69323790,,4/17/2019 20:52,,,,7b57851078af41d09fb38c750b5a5436,,2,Al Sakhrah Al Musharrafah Street,,,,,,,,,,Kaarti_B,,,,Pharmacy One,
35.91576196,31.91999497,7549955943,node,9,,,,,,,pharmacy,85631836,,5/22/2020 21:24,,,,8e1e77b5449b48899106855416d33643,,1,,,,,,,,,,,S-M-R,,,,"صيدلية سامراء",
35.91625322,31.97963766,5109951223,node,9,,,,,,,hospital,52104084,,9/16/2017 20:16,,,,596210b29fc14ea4a7c04d6a99d5e746,,1,,,,,,,,,,,Marina_al,,,,مستشفى الاستقلال,
35.91629882,31.99571868,6456633255,node,9,,,,,,,pharmacy,70000980,,5/7/2019 22:30,,,,0e68530439664be1a2b59bc295934534,,1,شارع واقد بن عبد الله,,,,,,,,,,birdeatscake,,,,,
35.91655237,31.96280655,4614503622,node,15,,,,,,,pharmacy,76867550,,11/10/2019 12:59,,,,cc64a5714c464fd7884caa297bba5b6e,,5,Al-Razi Street,,,,,,,,,,SerV,,,pharmacy,Pharmacy One,
35.91706476,31.96796025,4649251789,node,15,,,,,,,hospital,54603048,24/7,12/13/2017 17:50,,,,4ca0c1da30d74b7aadba29e867847f4f,,2,Khaled Bin Al Waleed Street,,,,,,,,,,f48,,,,مستشفى هبة للولادة,
35.91731672,31.98878383,5109951221,node,9,,,,,,,hospital,52104022,,9/16/2017 20:12,,,,e1b6d41fd7194893be0e3a82c8dd88fd,,1,,,,,,,,,,,Marina_al,,,,مستشفى الرويال,
35.9183176,31.92124589,7555774706,node,9,,,,,,,pharmacy,85711285,,5/25/2020 9:32,,,,3572b86238304ae485175a6051114f48,,1,,,,,,,,,,,S-M-R,,,,صيدلية الحافظ,
35.91870157,31.99992103,5824803953,node,9,,,,,,,hospital,61558601,,8/11/2018 6:29,,,,acc27353db0e467b89a4e0a0e521d1fe,,1,,,,,,,,,,,msha'al,,,,"مستشفى الملكة علياء العسكري",
35.91913978,32.05940429,1923637511,node,6,,,,,,,hospital,13183214,,9/20/2012 12:33,,,,48338d66524c46919f9df2fedfc8ac08,,1,,,,,,,,,,,ronaldo9,,,,,
35.92103065,31.95055665,7125900876,node,12,,,,,,,pharmacy,79473552,,1/12/2020 11:50,,,,b3ae14b9f5344beb8755d405b81ce3cb,,1,,,,,,,,,,,Alan Orth,,13,,Pharmacy World,
35.92159962,31.91646519,7549984614,node,9,,,,,,,pharmacy,85632348,,5/22/2020 21:49,,,,f684bc767ed4437394685fc7b2a4bf81,,1,,,,,,,,,,,S-M-R,,,,صدلية جمانة,
35.92227755,31.92003554,7477323407,node,9,,,,,,,,84585677,,5/4/2020 0:38,,,,db442a507dd14a5982c9407158c5d5a1,,1,,,,,,,,,,,S-M-R,,,laboratory,مختبرات العثمان الطبية,
35.922758,31.91874154,6771272412,node,9,,,,,,,pharmacy,84570639,,5/3/2020 16:06,,,,8a8cdc50420e48299f60c3b49bd800c2,,2,,,,,,,,,,,S-M-R,,,,صيدلية الصحابة,
35.92364438,31.92418383,7559983494,node,9,,,,,,,pharmacy,85776931,,5/26/2020 14:55,,,,7c3db8a0da774549bb82376f6ef846aa,,1,,,,,,,,,,,S-M-R,,,,صيدلية سيروتونين,
35.92403942,31.92123968,7474565242,node,9,,,,,,,pharmacy,84570639,,5/3/2020 16:06,,,,497ac0a08f0e400b8e5eb26d462d4006,,2,,,,,,,,,,,S-M-R,,,,صيدلية دوائي,
35.92405694,31.92116928,6770997856,node,12,,,,,,,pharmacy,84538248,Mo-Su 08:00-02:00,5/2/2020 21:41,,,,0c725a4f6200471fb641d84399d293d4,,2,,,,,,,,,,,S-M-R,,,,صيدلية المراد,
35.92439389,31.95023579,7109111198,node,12,,,,,,,pharmacy,79212152,,1/5/2020 13:02,,,,74ca67408b44423d93a4a5aef254b095,,1,Rainbow Street,,,,,,,,,,Alan Orth,,,,Pharmacy One,
35.92446413,31.97708822,6475897560,node,12,,,,,,,pharmacy,70284383,,5/15/2019 16:45,,,,c746cfd895024705b804ba071e0a4e75,,1,شارع سعيد بن المسيب,,,,,,,,,,richardninde,,65,,,
35.92465038,31.91954755,7480790536,node,9,,,,,,,dentist,84631888,,5/4/2020 15:10,,,,ecf913e231544924a30c1cd3815f036e,,1,,,,,,,,,,,S-M-R,,,,الدكتور محمد زياد الوهيب,
35.92478013,31.91948988,7480697134,node,9,,,,,,,pharmacy,84631808,,5/4/2020 15:08,,,,60bc04904e7240d48d2a6ca9bedb46c3,,1,,,,,,,,,,,S-M-R,,,,صيدلية سوا,
35.92700754,31.94922703,7109153200,node,18,,,yes,,,,pharmacy,79245342,,1/6/2020 11:09,,,,e8797a9a14eb4866b0cde3668d703383,,2,Rainbow Street,,,,,,,,,,Alan Orth,,,pharmacy,Rahmeh Pharmacy,
35.92711734,31.97871347,6474016900,node,9,,,,,,,pharmacy,70254203,,5/14/2019 22:12,,,,831730f799d04f23942f8b4b828ff355,,1,شارع سيبوبه,,,,,,,,,,richardninde,,,,,
35.92784497,31.92589944,6771282186,node,9,,,,,,,hospital,74069418,,9/4/2019 7:36,,,,8a8a4cfd461a4da6bb2c53c71c78520a,,1,,,,,,,,,,,Ro_Ro,,,,مستشفى القدس,
35.92811906,31.97205229,6475858553,node,12,,,,,,,pharmacy,70283792,,5/15/2019 16:33,,,,05ca86e10b0e49cb8efbd6e7f6919217,,1,شارع سعيد بن المسيب,,,,,,,,,,richardninde,,7,,,
35.92826457,31.92205994,7477328580,node,9,,,,,,,pharmacy,84585332,,5/4/2020 0:16,,,,7560a5adbdec485686ef976a3b81542d,,1,,,,,,,,,,,S-M-R,,,,صيدلية الزعفران,
35.92827312,31.95749829,1525354699,node,6,,,,,,,pharmacy,54541825,,12/11/2017 14:37,,,,22494f4515144eb88dc42cfc54385a44,,2,,,,,,,,,,,NadineFattaleh,,,,,
35.92897645,31.90914644,6412459378,node,12,,,,,,,hospital,85319954,,5/16/2020 23:52,,,,1678a1a77de14316bbf0ee9c4c94e119,,3,Al Sakhrah Al Musharrafah Street,,,,,,,,,,S-M-R,,,,مستشفى الحنان,
35.92962982,31.92015146,7549947039,node,9,,,,,,,pharmacy,85631836,,5/22/2020 21:24,,,,d985b6921d9a49c6a8be59ce5de4f98e,,1,,,,,,,,,,,S-M-R,,,,صيدلية العلاجات التجانسية,
35.9311798,31.91681337,7485554616,node,9,,,,,,,pharmacy,84697020,,5/5/2020 12:53,,,,7b894b70eeb24a87915013504580f598,,1,,,,,,,,,,,S-M-R,,,,صيدلبة زوانه,
35.93208362,31.94473064,7128129139,node,15,,,,,,,hospital,79511387,,1/13/2020 10:39,,,,7a1cd66484094586af90a10ee52b48c9,,1,Ibn Zahr Street,,,,,,,,,,Alan Orth,,25,,Italian Hospital,
35.93210415,31.90729647,6412459356,node,12,,,,,,,pharmacy,84716702,,5/5/2020 20:24,,,,497a70f9022d40f78b16b45478201034,,2,Al Sakhrah Al Musharrafah Street,,,,,,,,,,S-M-R,,,,Al-Weqaya Pharmacy,
35.93383024,31.92064859,7477306897,node,9,,,,,,,pharmacy,84585371,,5/4/2020 0:19,,,,3b5289a5887149a2ae8cba1014548ee1,,1,,,,,,,,,,,S-M-R,,,,صيدلية سيبال,
35.93397558,31.90139888,4449445617,node,15,,,,,,,hospital,77025105,,11/13/2019 16:36,yes,,,7a5562b0d1f04084942b7610f06bb157,,2,شارع كفارنة,,,,,,,,,,beo991,,,,مستشفى الحمايده,
35.93397726,31.90152243,6774288193,node,9,,,,,,,hospital,74125890,,9/5/2019 10:44,,,,011ab0aede954fe4a06869549d69e8b6,,1,,,,,,,,,,,Ro_Ro,,,,مستشفى الحمايدة,
35.93481042,31.93127383,7476361513,node,15,,,yes,,,,pharmacy,84570180,,5/3/2020 15:56,,,,c7e9ffafa4c7407d979cc4c181ed2866,,1,,,,,,,,,,,S-M-R,,,pharmacy,صيديلة نابلس,
35.93549882,32.00362818,4754143221,node,9,,,,,,,clinic,47143024,,3/25/2017 9:26,,,,87c5c9b973d84ea098afb95d8264475c,,1,,,,,,,,,,,Motasem Al-Latayfeh,,,,عيادة الدكتور معتصم اللطايفة -طبيب عيون,
35.93580376,31.92937935,5909444987,node,9,,,,,,,doctors,62630079,,9/16/2018 9:12,,,,5d16e3cd4d0547fb8e83086852af1c28,,1,,,,,,,,,,,atls shammar,,,,عيادة الدكتور اياد شريدة,
35.93617466,31.93045844,7564345600,node,9,,,,,,,,85857068,,5/28/2020 1:03,,,,9df80262ef674cfe97fb266e93a5c01f,,1,,,,,,,,,,,S-M-R,,,optometrist,عبود للبصريات,
35.93636786,31.92972418,7476943780,node,9,,,,,,,pharmacy,84578617,,5/3/2020 19:37,,,,cf8806d31919485d91b4228cdcab1d6d,,1,,,,,,,,,,,S-M-R,,,,صديلية البراق,
35.93725559,31.90607808,7554180555,node,15,,,yes,,,,pharmacy,85687055,,5/24/2020 15:56,,,,ebc566d6fadc4aa19cc3d7fc160ef864,,1,,,,,,,,,,,S-M-R,,,pharmacy,صيدلية تهاليل,
35.93815069,31.98416699,443026764,node,9,,,,,,,hospital,11602271,,5/15/2012 7:24,,,,6ffd44101c984d29b7e5392af330dd5b,,5,,,,,,,,,,,lyx,,,,مستشفى الأمير حمزة,
35.93872678,31.91380309,6573216874,node,12,,,,,,,pharmacy,84582696,,5/3/2020 22:04,,,,11efd96fb20f47bfa3b461a0ee2a2850,,2,Prince El Hassan Street,,,,,,,,,,S-M-R,,,,صيدلية الخليج,
35.93927068,31.94876837,7112076760,node,12,,,,,,,pharmacy,79248364,,1/6/2020 12:36,,,,d4d17e9623094f42bf1abffc476fd822,,1,,,,,,,,,,,Alan Orth,,25,,عباد الرحمن,
35.9394084,31.93812126,5502762922,node,9,,,,,,,clinic,57504390,,3/25/2018 10:35,,,,d86e5c4a048342e2b29b1504a6038249,,1,,,,,,,,,,,Majed Hammad Al Talafeeh,,,,مستشفى البشير,
35.94066702,31.74764687,4201615774,node,9,,,,,,,hospital,39501279,,5/23/2016 6:22,,,,fc3e22b061204a6b83f1de42c2e2f41e,,1,,,,,,,,,,,maen alsayed,,,,Baby Cord,
35.94407703,32.0001771,6476300005,node,12,,,,,,,pharmacy,70518559,,5/22/2019 14:53,,,,46cbfb14527c4d07bd90a9c8b3b0ae5a,,2,شارع طارق,,,,,,,,,,birdeatscake,,,,Pharma,
35.94412473,31.99116722,6489427962,node,12,,,,,,,pharmacy,85696497,,5/24/2020 22:33,,,,9c3c441dae354feeaa8155b76a097ea6,,2,شارع طارق,,,,,,,,,,S-M-R,,,,صيدلية بتونيا,
35.94490609,31.94483969,1843705494,node,12,,,yes,,,,pharmacy,12545280,,7/30/2012 9:59,,,,d08d287f3113451e8478d21c75b70adf,,1,,,,,,,,,,,Tweakers,,,,Abu Qobo',
35.94565979,31.94411138,1843705498,node,12,,,yes,,,,pharmacy,12545280,,7/30/2012 9:59,,,,cb42c7a469b943f4bb852e88f76d48b5,,1,,,,,,,,,,,Tweakers,,,,Nidal,
35.94604594,31.94271152,1843679882,node,12,,,yes,,,,pharmacy,28079483,,1/12/2015 6:02,,,,63abc87eb4ae4b09a04c11c5763b0e9b,,2,,,,,,,,,,,msdess,,,,Mohammad,
35.94779935,31.98887418,6489294281,node,12,,,,,,,pharmacy,70491688,,5/21/2019 20:02,,,,6b5b74109df64f7a9667a0aee5ed5bef,,1,شارع الشهيد,,,,,,,,,,birdeatscake,,,,Pharmacy One,
35.95693772,31.97993187,5470708523,node,9,,,,,,,pharmacy,57078013,,3/11/2018 11:02,,,,3a16106874ba49d589a626442378123c,,1,,,,,,,,,,,Samir Horani,,,,بيتي سمير الحوراني,
35.95765563,31.96989948,3168484823,node,15,,,,,,,clinic,70456266,,5/20/2019 21:08,,,,9d6d3205cb8b4e6f9e80dc58227d3c1a,,2,Salti al Ebrahimi St,,,,,,,Amman,,,spuddy93,,,,Jordan Red Crescent Psychosocial centre,
35.95950585,31.98593499,6489030613,node,15,,,,,,,pharmacy,70488943,,5/21/2019 18:18,,,,f2bbbe1636814001872c63262f17b196,,1,شارع ثويبة,,,,,,,,,,CoolGuyJake,,64,,Abeer Al-Ward Pharmacy,
35.96195605,31.96287503,6479108719,node,9,,,,,,,pharmacy,70335353,,5/16/2019 20:52,,,,5a584399d88641a0b5bc47df9052272d,,1,شارع الملك عبدالله الأول,,,,,,,,,,Kaarti_B,,,,,
35.96760998,32.63862222,5606648997,node,25,حكومي,,,general,,,hospital,58812691,,5/9/2018 9:08,yes,,,9a63df969c5c4d6eaa52b3e5e110d480,,1,,,,,,,,منطقة سهل حوران,,,murad alshboul,,,hospital,مركز صحي سهل حوران الشامل,
35.97423906,31.97356196,3319607438,node,9,,,,,,,hospital,28492553,,1/29/2015 19:38,,,,ba7b2891972d4a129529ab6bbab9d3f3,,1,,,,,,,,,,,Zaher Hennawy,,,,مركز ماركا الصحي,
35.97563875,30.81945586,4207805191,node,6,,,,,,,dentist,39566748,,5/25/2016 20:39,,,,2abaee2babaa4b5b9cad741737056676,,1,,,,,,,,,,,بحر المشاعر,,,,,
35.97813463,31.97972349,4546727390,node,6,,,,,,,hospital,44285360,,12/9/2016 16:02,,,,54a025f305334f79958539b0357cd87b,,1,,,,,,,,,,,bebillyte,,,,,
35.98261644,31.9786144,6475728770,node,12,,,,,,,pharmacy,70447531,,5/20/2019 16:24,,,,b5b81f64fe084e9e837a051941ed25e3,,2,شارع الملك عبدالله الأول,,,,,,,,,,richardninde,,325,,,
35.98477763,31.98002549,6486122833,node,12,,,,,,,pharmacy,70446968,,5/20/2019 16:10,,,,25dd395566174d1ca23d4642f947ee6d,,1,شارع حامد علي الدعجة,,,,,,,,,,richardninde,,40,,,
35.9885898,32.63629683,5606743380,node,12,,,,,,,hospital,58813928,,5/9/2018 9:45,,,,f30877b7232a4701a4bf11735610fe18,,1,,,,,,,,,,,Mohammad_brks,,,hospital,مركز صحي الطره الجنوبي,
35.9900366,31.98175845,3319607397,node,9,,,,,,,hospital,28492553,,1/29/2015 19:37,,,,c2424857051148afbdd26110ae9227eb,,1,,,,,,,,,,,Zaher Hennawy,,,,مستشفى ماركا العسكري,
35.99032846,31.98439028,6486661571,node,6,,,,,,,hospital,70456236,,5/20/2019 21:07,,,,ca82306673a8438db6eaf8825cf7a5a2,,1,,,,,,,,,,,Kaarti_B,,,,,
35.99048755,31.97590688,4652636107,node,12,,,,,,,pharmacy,45716880,,2/1/2017 13:37,,,,21cabf3ce8d0418587f1194966ca3ac4,,1,"فاطمة الزهراء",,,,,,,,,,محمد كريشان,,,,صيدلية النبراس,
35.99282794,32.6463614,5606743381,node,12,,,,,,,hospital,58813987,,5/9/2018 9:46,,,,daf81664b311483bad74a1c218630d45,,2,,,,,,,,,,,Mohammad_brks,,,hospital,مركز صحي الطره الشمالي,
35.99816403,31.99874572,3261391829,node,6,,,,,,,pharmacy,27819218,,12/31/2014 10:21,,,,1b70493a34f7475b9096593796722b89,,1,,,,,,,,,,,Zaher Hennawy,,,,,
36.00042329,32.55977139,5606773942,node,12,,,,,,,hospital,58814566,,5/9/2018 10:03,,,,2dcb2b82572941c6b1c45eee8c84991c,,1,,,,,,,,,,,Nasr Thiabat,,,hospital,المركز الصحي الغربي,
36.00745797,32.54228507,5606773941,node,21,العنالية بالمريضين,,,قسسم_الاطفال,,,hospital,58814566,,5/9/2018 10:03,no,,,47bd69a148fd4c09ab43b6ad14f03d15,,1,,,,,,,,,,,Nasr Thiabat,,,hospital,المركز الصحي الشرقي,
36.0149042,32.55943243,5606636772,node,12,,,yes,,,,pharmacy,58812462,,5/9/2018 9:01,,,,9d7ed8de9f7043efae64b4e44f7ebaba,,1,,,,,,,,,,,alaa ayyash,,,pharmacy,,
36.01652266,32.56641749,5606636764,node,12,,,,,,,hospital,58812462,,5/9/2018 9:01,,,,cf87f7e69ec54f1bb1de2773a7d4264a,,1,,,,,,,,,,,alaa ayyash,,,hospital,مستشفى الرمثا الحكومي,
36.01722238,31.99357014,6055154820,node,12,,,,,,,hospital,64410516,,11/12/2018 15:40,,,,218a50840a454f5a9549971d3c30ddac,,1,,,,,,,,,,,swsois1,,,hospital,العيادة,
36.01919615,31.98719948,3261369425,node,9,,,,,,,pharmacy,27818893,,12/31/2014 10:02,,,,2c0492831d294ca38e676b5242350d30,,1,,,,,,,,,,,Zaher Hennawy,,,,صيدلبية الاستاذ,
36.02027859,31.98873018,3261369424,node,9,,,,,,,pharmacy,27818893,,12/31/2014 10:02,,,,c587c48234c842ee9e07c421490b0f95,,1,,,,,,,,,,,Zaher Hennawy,,,,صيدلية السلسبيل,
36.04625352,32.03046695,3899055911,node,15,,,,,,,hospital,70495090,,5/21/2019 23:05,,,,696f48edabcc4697ae756c640fbbf90b,,3,,,,,,,,الرصيفة,,,peacewaya,,156,,مشفى الأمير فيصل,
36.06331438,32.07193164,4306967700,node,15,,,,,,,pharmacy,40791842,,7/17/2016 6:08,,,,4e91c369ad6b472f8f82b99dfa8c3131,,1,شارع شومر,,,,,,,"الزرقاء",,,Big_Borz,,,,صيدلية شومر,
36.06694836,32.06689109,3992495130,node,15,,,,,,,pharmacy,40620245,,7/9/2016 21:56,,,,c787e3042c5c4b149b0c8f8554a9a56d,,3,الزواهرة,,,,,,,"الزرقاء",,,Big_Borz,,,,الإيثار,
36.07368716,32.07853389,4003465706,node,15,,,,,,,pharmacy,40620245,,7/9/2016 21:56,,,,bb521c1e64f64df4b9aade8c480bbb04,,3,دوار معصوم,,,,,,,"الزرقاء",,,Big_Borz,,,,Pharmacy 1,
36.07380744,32.07347726,4277536493,node,15,,,,,,,pharmacy,51427246,,8/25/2017 8:26,,,,18c5a8df4a96448e8d3387cadab25516,,3,الشريف عبد الحميد شرف,,,,,,,"الزرقاء",,,Lio Gonsalves,,,,صيدلية فارما,
36.07596284,32.05996018,4139592439,node,15,,,,,,,hospital,40430835,,7/2/2016 1:29,yes,,,bda0b9515b7c4b13901fe743b2bd8764,,2,"بهاء الدين عبد الله",,,,,,,"الزرقاء",,,Big_Borz,,,,,
36.07608086,32.05990788,4139592440,node,12,,,,,,,pharmacy,40430835,,7/2/2016 1:29,,,,95ef7b91d9434e4f8ee284da6268e3fb,,2,"بهاء الدين عبد الله",,,,,,,"الزرقاء",,,Big_Borz,,,,,
36.07623819,32.06698547,4346591800,node,15,,,,,,,pharmacy,41399039,,8/11/2016 22:04,,,,676e6f0b9d20438f93e2db1e2f927cf5,,1,الشريف عبد الحميد شرف,,,,,,,"الزرقاء",,,Big_Borz,,,,صيدلية الحجاوي,
36.07729339,32.04452005,7112003358,node,15,,,yes,,,,pharmacy,79246805,,1/6/2020 11:43,,,,028a9f53a9ab4d3a93a32db613a0eed4,,1,,,,,,,,,,,rabigheith,,,pharmacy,صيدلية جبل رحمه,
36.07795304,32.06282973,4306960339,node,15,,,,,,,clinic,40791687,,7/17/2016 5:49,,,,4398eba0f6984421ac04aaeb4da2ad97,,1,مطيع الشيشاني,,,,,,,"الزرقاء",,,Big_Borz,,,,عيادة جمزو الخيرية,
36.07825613,32.06304112,3997673487,node,6,,,,,,,pharmacy,37104740,,2/9/2016 16:10,,,,27fd4a25307948a2852c5768baf6b1bf,,1,,,,,,,,,,,Big_Borz,,,,,
36.08416638,32.04831026,4277536510,node,12,,,,,,,pharmacy,40430835,,7/2/2016 1:29,,,,f92ca8d049df47eaa79866e4dae92f5b,,1,الشهيد وصفي التل,,,,,,,"الزرقاء",,,Big_Borz,,,,,
36.08527966,32.05605673,4220680932,node,15,,,,,,,pharmacy,40467856,,7/3/2016 22:59,,,,d7fd0eb2aeff4ad88b03c755a363996c,,2,الأرز,,,,,,,"الزرقاء",,,Big_Borz,,,,دواكم,
36.08605138,32.09358243,4264449790,node,21,,,,,,,doctors,40283066,24/7,6/25/2016 14:40,,,,9b53a15bf41d43278541232f85c841c2,,1,Sinan Ben Abdullah Al Juhni,,,,,,13112,,,,Abu Mhaid,,19,,Mohammad Mhaidat,
36.08762777,32.06269243,4139592438,node,12,,,,,,,pharmacy,40449283,,7/2/2016 23:02,,,,447cc35bc1014155a97df53fbb916d7c,,2,باب الواد,,,,,,,"الزرقاء",,,Big_Borz,,,,,
36.08766096,32.06327464,4172942048,node,15,,,,,,,doctors,39182595,,5/8/2016 14:49,,,,6aef058e1278401593dcaedb6931f887,,1,باب الواد,,,,,,,"الزرقاء",,,Big_Borz,,,,عيادة د.عدنان عبد الواحد رئيس,
36.08803396,32.04485113,4277536499,node,15,,,,,,,doctors,40430835,,7/2/2016 1:29,,,,db36f809531f47b3bb8d185c0b3a0ee7,,1,الثورة العربية الكبرى,,,,,,,"الزرقاء",,,Big_Borz,,,,عيادة د.غالب,
36.0881389,32.06353984,4345909251,node,15,,,,,,,clinic,60412928,,7/4/2018 15:53,,,,54b04fae275140319ddcd605fb671050,,2,الملك حسين ( شارع السعادة ),,,,,,,"الزرقاء",,,Sheikh Zubeir,,,,مختبرات أبو سارة الطبية,
36.08837426,32.04356375,4279091913,node,15,,,,,,,pharmacy,40448809,,7/2/2016 22:14,,,,2b7c2baa551c4f4ebc90ebff6beef7af,,1,الثورة العربية الكبرى,,,,,,,"الزرقاء",,,Big_Borz,,,,دواكم,
36.08897566,32.06341948,4345909245,node,15,,,,,,,pharmacy,51675069,,9/2/2017 17:15,,,,d17c8053234140b39b58c512e63aaf88,,2,الملك حسين ( شارع السعادة ),,,,,,,"الزرقاء",,,Johny Sabella,,,,صيدلية القاضي,
36.08918077,32.09079058,4293754575,node,12,,,,,,,pharmacy,40620439,,7/9/2016 22:10,,,,732ec5dc818b4b82807c395a68645ee9,,1,Zain Al Sharaf 26th Street,,,,,,,"الزرقاء",,,Big_Borz,,,,,
36.08932133,32.09809265,6102933686,node,15,,,,,,,dentist,65006578,,11/29/2018 11:53,,,,8e7169e397a2491bac9b71e04ccdf6c7,,1,احمد سلامة الزواهره,,,,,,,,,,Mahrous Harb,,65,,"البتراوي الزقاء",
36.08939945,32.06335578,4345909243,node,15,,,,,,,pharmacy,41388960,,8/11/2016 13:18,,,,c770dcc5cfe04224a2551dabbda1d00b,,1,الملك حسين ( شارع السعادة ),,,,,,,"الزرقاء",,,Big_Borz,,,,صيدلية السعادة,
36.08953356,32.0633422,4345909244,node,15,,,,,,,doctors,41388960,,8/11/2016 13:18,,,,9c3419f079fe4c7a83af0e8406c944a5,,1,الملك حسين ( شارع السعادة ),,,,,,,"الزرقاء",,,Big_Borz,,,,عيادة د. حسني هلسة,
36.09010756,32.06339215,4345909236,node,15,,,,,,,pharmacy,51675119,,9/2/2017 17:17,,,,7a108de739b64a1a8cf9e1e4e9fd3058,,2,الملك حسين ( شارع السعادة ),,,,,,,"الزرقاء",,,Johny Sabella,,,,صيدلية فلسطين,
36.09088808,32.06327615,4345909231,node,15,,,,,,,pharmacy,41388960,,8/11/2016 13:18,,,,6693b8e7a77442b08344ece2cb46c881,,1,الملك حسين ( شارع السعادة ),,,,,,,"الزرقاء",,,Big_Borz,,,,دواكم,
36.09122738,32.03464273,4139592466,node,6,,,,,,,pharmacy,38770751,,4/21/2016 23:10,,,,1e2d98be786a42b69338ce1400edd415,,1,,,,,,,,,,,Big_Borz,,,,,
36.09140306,32.06322963,4345909214,node,15,,,,,,,pharmacy,51675168,,9/2/2017 17:19,,,,49d89db7dcd3411e98756b8f6012d7b1,,2,الملك حسين ( شارع السعادة ),,,,,,,"الزرقاء",,,Johny Sabella,,,,"صيدلية الزرقاء الحديثة",
36.09180372,32.04778673,3983265454,node,15,,,,,,,pharmacy,36949118,,2/2/2016 1:07,,,,bd8f6cb161094988ba0c8d94eff5e962,,1,Amman - Zarqa Autostrad,,,,,,,Al Zarqa,,,Big_Borz,,,,Pharmacy One Al Zarqa,
36.09193984,32.03765753,3999533442,node,9,,,,,,,hospital,42155345,,9/14/2016 17:51,,,,accd119f1ee8476da6f2e398d5324c89,,2,,,,,,,,,,,Alsaqar,,,,مستشفى جيل الزيتون,
36.09376206,32.05382463,4139592464,node,12,,,,,,,hospital,38770751,,4/21/2016 23:10,,,,9a4140fe2e1d4266a170c7a8e977f40b,,1,,,,,,,,"الزرقاء",,,Big_Borz,,,,مستشفى الحكمة,
36.09398838,32.06282243,4172942050,node,12,,,,,,,pharmacy,40449283,,7/2/2016 23:02,,,,0fbebc2cfa6945ff982f90bf5074b874,,2,الملك حسين ( شارع السعادة ),,,,,,,"الزرقاء",,,Big_Borz,,,,,
36.09435735,32.05628489,4540595389,node,12,,,,,,,doctors,44198590,Mo-Su 08:00-18:00,12/6/2016 4:18,,,,6a37b89901f944af8d0a68158fab2d74,,1,,,,,,,,,,,Aws Kayy,,,,وكالة الغوث الدولية,
36.09438216,32.04101188,4319559031,node,9,,,,,,,pharmacy,41011856,,7/25/2016 13:15,,,,1af8e478c19b4cf8b9d7eabdd687c176,,1,,,,,,,,,,,Big_Borz,,,,صيدلية المدائن,
36.09446388,32.05505886,3999533382,node,15,,,,,,,pharmacy,40467920,,7/3/2016 23:07,,,,5fbf1ee3387f4315bebe9d9de74f99a5,,2,Amman - Zarqa Highway,,,,,,,"الزرقاء",,,Big_Borz,,,,صيدلية بالي,
36.09610137,32.0673687,4319662257,node,15,,,,,,,pharmacy,41013361,,7/25/2016 14:17,,,,92986af34d394fd7b7c034401908c07f,,1,الجيش,,,,,,,"الزرقاء",,,Big_Borz,,,,دواكم,
36.09706512,32.06668079,4220680909,node,18,,,,,,,hospital,51675203,,9/2/2017 17:20,yes,,,15a4f077ae5347fd9be68cea28b58ef2,,3,الجيش,,,,,,,"الزرقاء",,,Johny Sabella,,,,مستشفى الأمير هاشم بن الحسبن,
36.10099179,32.08701546,4336352139,node,15,,,,,,,pharmacy,41250425,,8/5/2016 1:26,,,,fa5bb33e057f4b1da0f975cf755dd48d,,1,Mekkah 36th Street,,,,,,,Al Zarqa,,,Big_Borz,,,,دواكم,
36.19476852,32.46173766,7055816289,node,18,,,yes,,,,pharmacy,78397206,,12/14/2019 1:21,,,,fd8f7dc7a82243eb842fb35829313ce5,,1,,,,,,,,مغير السرحان,,,Assrhany,,,pharmacy,صيدلية مغير السرحان,
36.19583889,32.45947765,7055370998,node,15,وزارة الصحة الاردنية,,,,,,,78390872,,12/13/2019 19:41,,,,32618637261e4428b06234424de5735d,,1,,,,,,,,مغير السرحان,,,Assrhany,,,alternative,مركز صحي مغير السرحان الشامل,
36.20517809,32.34468673,4882550521,node,12,,,,,,,pharmacy,49058877,,5/29/2017 2:58,,,,fe6dad319335449989119bac1a6ad2cd,,1,شارع المجمع الغربي,,,,,,,,,,Yahya Al Qadoome,,,,صيدلية سيدار,
36.21126495,32.34265739,7205797587,node,9,,,,,,,doctors,80901986,,2/12/2020 11:31,,,,47e97b472bd54bb09d1d6ec78fa14b24,,1,,,,,,,,,,,jor badrani,,,,عيادة الدكتور عبدالله البدارين,
36.24654455,32.33774316,3992599616,node,9,,,,,,,hospital,37049251,,2/6/2016 21:06,,,,ef7aa308d1ec4bfb95f49228049507a9,,1,,,,,,,,,,,Big_Borz,,,,المركز الصحي,
36.33114896,32.29398032,4441572590,node,6,,,,,,,clinic,79018367,,12/30/2019 14:49,,,,8d17bea21dce4b5796e81954e08405aa,,3,,,,,,,,,,,ManonVi,,,,,
36.40107105,32.36373276,3064957466,node,6,,,,,,,clinic,25285025,,9/7/2014 11:41,,,,4f5db7780e14484182d52908343ed633,,1,,,,,,,,,,,FreeIndeed,,,,,
36.45566088,32.26628668,2511416942,node,12,,,,,,,hospital,18583501,,10/28/2013 12:25,yes,,,27ce267461aa41129c1ea35ede1918ad,,1,,,,,,,,,,,zeekoo,,,,مركز البادية الشمالية الشامل,
36.45705554,32.26570607,2511417182,node,12,,,,,,,hospital,18583513,,10/28/2013 12:26,yes,,,c0cbcbb9f2c64d9397b41afc142dd0e7,,1,,,,,,,,,,,zeekoo,,,,مستشفى البادية الشمالية,
37.12339513,31.03157166,5857358187,node,6,,,,,,,dentist,61995440,,8/25/2018 21:51,,,,ea81b0b489a0465389c1d4175dacee7d,,1,,,,,,,,,,,عبد الرحمن محمود,,,,,
